Regulated Operation,Number Of Lagoons,County Name,Location Lat Num,Location Long Num
Swine,7,Duplin,34.8875,-78.1314
Swine,7,Duplin,34.8875,-78.1314
Swine,7,Duplin,34.8875,-78.1314
Swine,4,Duplin,34.8672,-78.1514
Swine,2,Duplin,34.881703,-78.151154
Swine,8,Northampton,36.53905,-77.617575
Swine,3,Sampson,34.883219,-78.163722
Swine,3,Sampson,35.000136,-78.222075
Cattle,0,Alamance,36.1742,-79.4994
Swine,0,Alamance,36.1742,-79.4994
Cattle,1,Alamance,36.0442,-79.3261
Cattle,1,Alamance,35.9042,-79.3
Cattle,1,Alamance,35.9042,-79.3
Cattle,,Alamance,35.8483,-79.4597
Cattle,1,Alexander,35.933134,-81.209042
Cattle,2,Alexander,35.873786,-81.141283
Cattle,1,Alexander,35.847885,-81.054686
Cattle,1,Alexander,35.885466,-81.035494
Cattle,1,Alexander,35.89547,-81.231917
Cattle,1,Alexander,35.944308,-81.211292
Cattle,1,Alleghany,36.5556,-81.1761
Cattle,2,Alleghany,36.5036,-80.9711
Cattle,1,Alleghany,36.525,-81.175
Cattle,1,Alleghany,36.5475,-81.0067
Cattle,1,Alleghany,36.5086,-81.2258
Cattle,1,Alleghany,36.5628,-81.0481
Cattle,1,Alleghany,36.5017,-81.1756
Cattle,2,Alleghany,36.5383,-81.1883
Cattle,2,Alleghany,36.5319,-81.1669
Cattle,1,Anson,35.021592,-80.29248
Cattle,,Anson,34.8156,-80.2464
Cattle,,Anson,34.8156,-80.2464
Cattle,,Anson,34.8156,-80.2464
Cattle,1,Buncombe,35.4764,-82.4347
Cattle,1,Buncombe,35.4558,-82.5947
Cattle,,Buncombe,35.5119,-82.3781
Cattle,1,Cabarrus,35.5047,-80.4986
Cattle,1,Catawba,35.5833,-81.4733
Cattle,1,Catawba,35.5833,-81.4733
Cattle,1,Catawba,35.5833,-81.4733
Cattle,1,Catawba,35.5833,-81.4733
Cattle,0,Chatham,35.6786,-79.4847
Cattle,1,Chatham,35.8719,-79.2378
Cattle,2,Chatham,35.7444,-79.245
Cattle,1,Chatham,35.5267,-79.4733
Cattle,1,Chatham,35.8378,-79.3589
Cattle,2,Cleveland,35.2925,-81.3997
Cattle,2,Cleveland,35.2925,-81.3997
Cattle,2,Cleveland,35.2925,-81.3997
Cattle,2,Cleveland,35.4767,-81.6014
Cattle,1,Davidson,35.7325,-80.3133
Cattle,1,Davidson,35.7325,-80.3133
Cattle,1,Davidson,35.7325,-80.3133
Cattle,1,Davidson,35.7353,-80.1339
Cattle,1,Davidson,35.7353,-80.1339
Cattle,1,Davidson,35.7583,-80.2892
Cattle,1,Davidson,35.7583,-80.2892
Cattle,1,Davidson,35.7583,-80.2892
Cattle,1,Davie,35.895,-80.6653
Cattle,1,Davie,35.9458,-80.6314
Cattle,2,Durham,36.1781,-78.8061
Cattle,,Franklin,36.079148,-78.162776
Cattle,2,Gaston,35.4042,-81.3542
Cattle,2,Gaston,35.4042,-81.3542
Cattle,2,Gaston,35.4042,-81.3542
Cattle,2,Gaston,35.3333,-81.2417
Cattle,2,Gaston,35.3333,-81.2417
Cattle,2,Gaston,35.3333,-81.2417
Cattle,2,Gaston,35.3333,-81.2417
Cattle,1,Granville,36.3158,-78.6472
Cattle,,Greene,35.4564,-77.5213
Cattle,,Greene,35.564439,-77.725403
Cattle,2,Guilford,36.239771,-79.753067
Cattle,2,Guilford,36.240822,-79.658204
Cattle,2,Guilford,36.240822,-79.658204
Cattle,2,Guilford,36.1731,-79.5578
Cattle,2,Guilford,36.1708,-79.5736
Cattle,2,Guilford,36.1708,-79.5736
Cattle,2,Guilford,36.137274,-79.611771
Cattle,1,Haywood,35.5847,-83.0217
Cattle,1,Haywood,35.595505,-83.019652
Cattle,1,Haywood,35.5981,-82.8347
Cattle,1,Haywood,35.6694,-82.975
Cattle,1,Haywood,35.6047,-82.9417
Cattle,1,Haywood,35.595,-82.975
Cattle,,Haywood,35.5528,-82.8333
Cattle,2,Iredell,36.0328,-80.925
Cattle,2,Iredell,36.0328,-80.925
Cattle,2,Iredell,36.0328,-80.925
Cattle,2,Iredell,35.9192,-80.8136
Cattle,2,Iredell,35.9192,-80.8136
Cattle,2,Iredell,35.9192,-80.8136
Cattle,1,Iredell,35.8389,-80.8292
Cattle,3,Iredell,36.0542,-80.8375
Cattle,3,Iredell,36.0542,-80.8375
Cattle,3,Iredell,36.0542,-80.8375
Cattle,3,Iredell,36.0542,-80.8375
Cattle,1,Iredell,36.0244,-81.
Cattle,1,Iredell,36.0244,-81.
Cattle,1,Iredell,36.0244,-81.
Cattle,1,Iredell,36.0244,-81.
Cattle,1,Iredell,35.9486,-80.8833
Cattle,1,Iredell,35.9097,-80.7125
Cattle,1,Iredell,35.9097,-80.7125
Cattle,1,Iredell,35.9097,-80.7125
Cattle,3,Iredell,35.8917,-80.7667
Cattle,3,Iredell,35.8917,-80.7667
Cattle,3,Iredell,35.8917,-80.7667
Cattle,3,Iredell,35.8917,-80.7667
Cattle,2,Iredell,35.787689,-81.06013
Cattle,2,Iredell,35.787689,-81.06013
Cattle,2,Iredell,35.787689,-81.06013
Cattle,2,Iredell,35.787689,-81.06013
Cattle,1,Iredell,36.0194,-80.9328
Cattle,1,Iredell,36.0194,-80.9328
Cattle,1,Iredell,36.0194,-80.9328
Cattle,1,Iredell,36.0194,-80.9328
Cattle,1,Iredell,35.955,-80.9083
Cattle,1,Iredell,35.955,-80.9083
Cattle,1,Iredell,35.8664,-80.7333
Cattle,1,Iredell,35.8664,-80.7333
Cattle,1,Iredell,35.8664,-80.7333
Cattle,1,Iredell,35.9106,-80.8722
Cattle,1,Iredell,35.9106,-80.8722
Cattle,1,Iredell,35.9106,-80.8722
Cattle,1,Iredell,35.9106,-80.8722
Cattle,1,Iredell,35.9267,-80.7233
Cattle,1,Iredell,35.9272,-80.9078
Cattle,1,Iredell,35.9272,-80.9078
Cattle,1,Iredell,35.9272,-80.9078
Cattle,1,Iredell,35.9272,-80.9078
Cattle,1,Iredell,35.9139,-80.9475
Cattle,1,Iredell,35.8944,-80.9417
Cattle,2,Iredell,35.9514,-80.8417
Cattle,2,Iredell,35.9514,-80.8417
Cattle,2,Iredell,35.9514,-80.8417
Cattle,2,Iredell,35.9514,-80.8417
Cattle,,Iredell,36.0286,-80.7183
Cattle,,Iredell,36.0286,-80.7183
Cattle,1,Lincoln,35.4833,-81.15
Cattle,5,Lincoln,35.4167,-81.32
Cattle,5,Lincoln,35.4167,-81.32
Cattle,5,Lincoln,35.4167,-81.32
Cattle,5,Lincoln,35.4167,-81.32
Cattle,2,Lincoln,35.4258,-81.3817
Cattle,2,Lincoln,35.4258,-81.3817
Cattle,2,Lincoln,35.4258,-81.3817
Cattle,2,Lincoln,35.4258,-81.3817
Cattle,1,Lincoln,35.4556,-81.3511
Cattle,1,Lincoln,35.4556,-81.3511
Cattle,1,Lincoln,35.4556,-81.3511
Cattle,1,Lincoln,35.5458,-81.2839
Cattle,1,Lincoln,35.5458,-81.2839
Cattle,1,Lincoln,35.5458,-81.2839
Cattle,1,Lincoln,35.5458,-81.2839
Cattle,1,Person,36.2639,-79.1256
Cattle,3,Randolph,35.8433,-79.8433
Cattle,0,Randolph,35.5128,-79.745
Swine,0,Randolph,35.5128,-79.745
Cattle,2,Randolph,35.9,-79.8361
Cattle,2,Randolph,35.9,-79.8361
Cattle,1,Randolph,35.8619,-79.8386
Cattle,1,Randolph,35.7456,-79.8617
Cattle,1,Randolph,35.7456,-79.8617
Cattle,1,Randolph,35.7456,-79.8617
Cattle,1,Randolph,35.6875,-79.6178
Cattle,1,Randolph,35.8247,-79.6539
Cattle,1,Randolph,35.7022,-79.6908
Cattle,2,Randolph,35.8986,-79.7756
Cattle,2,Randolph,35.8986,-79.7756
Cattle,2,Randolph,35.8986,-79.7756
Cattle,2,Randolph,35.8986,-79.7756
Cattle,3,Randolph,35.8561,-79.6408
Cattle,,Randolph,35.809375,-79.867923
Cattle,,Randolph,35.716,-79.692
Cattle,,Randolph,35.716,-79.692
Cattle,2,Rockingham,36.257569,-79.711424
Cattle,2,Rowan,35.6917,-80.625
Cattle,3,Rowan,35.7067,-80.71
Cattle,3,Rowan,35.7067,-80.71
Cattle,1,Rowan,35.5728,-80.6994
Cattle,1,Rowan,35.681883,-80.76645
Cattle,1,Rowan,35.704928,-80.702283
Cattle,1,Rowan,35.780038,-80.626053
Cattle,1,Sampson,35.120688,-78.505225
Cattle,1,Stanly,35.1778,-80.1439
Cattle,1,Surry,36.4022,-80.7706
Cattle,1,Surry,36.5014,-80.7208
Cattle,1,Surry,36.5014,-80.7208
Cattle,2,Wake,35.7222,-78.6708
Cattle,1,Washington,35.8564,-76.6569
Cattle,0,Wayne,35.386376,-78.029778
Cattle,,Wayne,35.3081,-78.1633
Cattle,1,Wilkes,36.0267,-81.3097
Cattle,7,Wilkes,36.2281,-80.8789
Cattle,7,Wilkes,36.2281,-80.8789
Cattle,0,Wilkes,36.1883,-81.04
Cattle,1,Wilkes,36.3211,-80.9278
Cattle,2,Wilkes,36.1511,-80.9981
Cattle,2,Wilkes,36.1511,-80.9981
Cattle,2,Yadkin,36.0511,-80.7522
Cattle,2,Yadkin,36.0511,-80.7522
Cattle,2,Yadkin,36.0681,-80.6483
Cattle,3,Yadkin,36.2331,-80.5258
Cattle,3,Yadkin,36.2331,-80.5258
Cattle,3,Yadkin,36.2331,-80.5258
Cattle,,Yadkin,36.099809,-80.837931
Cattle,,Yadkin,36.099809,-80.837931
Cattle,1,Alexander,35.85,-81.1353
Wet Poultry,2,Anson,35.116958,-80.256519
Wet Poultry,1,Anson,35.182138,-80.276524
Swine,1,Anson,34.849783,-80.045608
Swine,2,Beaufort,35.5675,-76.8823
Swine,2,Beaufort,35.4886,-77.1
Swine,1,Bertie,36.14471,-77.037893
Swine,3,Bladen,34.519136,-78.382786
Swine,4,Bladen,34.547755,-78.745588
Swine,1,Bladen,34.841658,-78.770872
Swine,1,Bladen,34.780672,-78.496988
Swine,2,Bladen,34.686869,-78.499072
Swine,1,Bladen,34.681166,-78.500663
Swine,3,Bladen,34.703597,-78.683422
Swine,1,Bladen,34.6828,-78.493605
Swine,1,Brunswick,34.104978,-78.474189
Horses,,Buncombe,35.4299,-82.5329
Swine,1,Carteret,34.788333,-76.841389
Cattle,2,Caswell,36.4328,-79.3239
Cattle,2,Chatham,35.7367,-79.4986
Cattle,2,Chatham,35.7367,-79.4986
Horses,2,Chatham,35.7367,-79.4986
Sheep,2,Chatham,35.7367,-79.4986
Swine,2,Chatham,35.7367,-79.4986
,2,Chatham,35.7367,-79.4986
Swine,1,Columbus,34.1553,-78.8239
Swine,1,Craven,35.288,-77.406897
Swine,1,Craven,35.2645,-77.0042
Swine,1,Craven,35.2163,-77.0575
Swine,1,Craven,35.2549,-77.213667
Swine,1,Cumberland,34.972656,-78.7164
Swine,2,Cumberland,34.914519,-78.826036
Swine,2,Cumberland,34.872772,-78.5661
Swine,1,Cumberland,34.899808,-78.795339
Swine,1,Duplin,35.060847,-77.993237
Swine,2,Duplin,34.9131,-77.9531
Swine,2,Duplin,34.9228,-77.9597
Swine,0,Duplin,34.932173,-77.938136
Swine,1,Duplin,34.7433,-78.0733
Swine,1,Duplin,34.8153,-77.9236
Swine,1,Duplin,34.9483,-78.0797
Swine,1,Duplin,34.8433,-78.14
Swine,1,Duplin,34.901634,-77.716748
Swine,2,Edgecombe,35.925,-77.7486
Swine,1,Edgecombe,35.725,-77.6389
Swine,2,Edgecombe,35.8133,-77.5
Swine,3,Edgecombe,35.8942,-77.6944
Swine,2,Edgecombe,35.8133,-77.5
Swine,1,Edgecombe,36.0389,-77.7169
Wet Poultry,1,Franklin,36.0736,-78.1347
Wet Poultry,2,Franklin,36.2219,-78.2769
Cattle,,Franklin,36.08179,-78.16741
Swine,1,Gates,36.4478,-76.7594
Swine,3,Greene,35.5244,-77.6356
Swine,1,Greene,35.4756,-77.5731
Swine,3,Greene,35.4378,-77.5603
Swine,1,Greene,35.5028,-77.6711
Swine,3,Greene,35.4867,-77.5467
Swine,1,Guilford,35.9383,-79.5533
Swine,3,Guilford,36.0239,-79.6625
Cattle,1,Guilford,35.945,-79.6192
Swine,,Guilford,36.0239,-79.6625
Swine,1,Halifax,36.187849,-77.46397
Swine,1,Harnett,35.541568,-78.885872
Swine,2,Harnett,35.322333,-78.943123
Cattle,1,Haywood,35.5881,-83.025
Cattle,1,Haywood,35.5881,-83.025
Cattle,1,Haywood,35.5881,-83.025
Cattle,1,Haywood,35.5881,-83.025
Swine,1,Hertford,36.2583,-76.825
Swine,1,Hoke,34.948088,-79.272325
Cattle,1,Iredell,35.9111,-80.8667
Cattle,2,Iredell,35.7778,-80.9736
Cattle,2,Iredell,35.7778,-80.9736
Cattle,2,Iredell,35.7778,-80.9736
Cattle,2,Iredell,35.7778,-80.9736
Cattle,4,Johnston,35.7047,-78.3156
Swine,1,Johnston,35.2869,-78.3833
Swine,6,Johnston,35.472254,-78.58452
Swine,2,Johnston,35.465362,-78.516362
Swine,1,Johnston,35.45695,-78.48317
Swine,2,Lenoir,35.1785,-77.82402
Swine,1,Lenoir,35.3314,-77.697586
Swine,2,Lenoir,35.3201,-77.77202
Horses,0,Martin,35.823312,-77.115065
Wet Poultry,2,Nash,36.1514,-77.9564
Wet Poultry,3,Nash,36.075,-77.9917
Wet Poultry,1,Nash,36.1317,-77.875
Wet Poultry,1,Nash,36.0728,-78.0222
Wet Poultry,2,Nash,36.1089,-78.0481
Wet Poultry,1,Nash,35.9194,-78.1675
Swine,4,Nash,36.139876,-77.759504
Swine,4,Nash,36.139876,-77.759504
Swine,4,Nash,36.139876,-77.759504
Swine,3,Nash,35.9022,-77.9617
Swine,2,Nash,35.9022,-78.0333
Swine,2,Nash,36.019807,-77.9484
Swine,4,Nash,36.0864,-77.735
Swine,1,Nash,35.905,-78.08
Swine,1,Nash,35.9022,-77.9617
Swine,6,Nash,36.1544,-78.0283
Swine,2,Nash,35.8769,-77.9689
Swine,2,Northampton,36.5278,-77.6431
Swine,1,Northampton,36.3878,-77.2744
Swine,1,Northampton,36.3667,-77.4533
Swine,1,Northampton,36.4069,-77.3756
Swine,2,Northampton,36.4172,-77.2694
Swine,2,Northampton,36.3008,-77.3264
Swine,2,Northampton,36.4067,-77.3289
Swine,1,Onslow,34.951406,-77.657921
Swine,1,Onslow,34.8469,-77.4903
Swine,1,Onslow,34.8081,-77.5483
Cattle,1,Orange,35.9803,-79.1456
Cattle,2,Orange,35.9542,-79.2269
Swine,1,Pamlico,35.1698,-76.96697
Swine,1,Pamlico,35.097136,-76.736725
Swine,2,Pasquotank,36.1919,-76.1964
Swine,2,Pender,34.543828,-78.031647
Swine,,Pender,34.672467,-78.004383
Swine,2,Pender,34.563599,-78.018109
Swine,1,Pender,34.49,-78.0567
Swine,1,Pender,34.611297,-77.868935
Swine,1,Perquimans,36.3536,-76.4586
Swine,1,Perquimans,36.2525,-76.5497
Swine,3,Perquimans,36.1158,-76.2408
Swine,3,Person,36.3183,-79.0622
Swine,2,Person,36.3233,-79.0483
Swine,4,Person,36.2672,-79.0194
Swine,3,Pitt,35.53999,-77.54905
Swine,1,Pitt,35.40055,-77.31561
Horses,,Polk,35.2831,-82.0694
Cattle,1,Randolph,35.8517,-79.7333
Cattle,,Randolph,35.7474,-79.8136
,,Randolph,35.7474,-79.8136
Swine,2,Robeson,34.780381,-79.074619
Swine,2,Rockingham,36.383408,-79.832655
Horses,0,Rockingham,36.276437,-79.826246
Cattle,1,Rowan,35.6583,-80.7417
Cattle,1,Rowan,35.8083,-80.7083
Swine,2,Sampson,35.241591,-78.533258
Swine,1,Sampson,35.141827,-78.551555
Swine,1,Sampson,35.022829,-78.247543
Swine,1,Sampson,34.794447,-78.192308
Wet Poultry,1,Stanly,35.275,-80.2583
Cattle,1,Stokes,36.359178,-80.067707
Swine,3,Union,35.1083,-80.45
Horses,0,Wake,35.7667,-78.6833
Cattle,1,Warren,36.5361,-78.2086
Swine,1,Wayne,35.4244,-77.8611
Swine,2,Wayne,35.5161,-77.9231
Swine,2,Wayne,35.5161,-77.9231
Swine,1,Wayne,35.382358,-78.049153
Swine,2,Wayne,35.230148,-78.098348
Swine,2,Wayne,35.230148,-78.098348
Cattle,,Wilkes,36.213745,-80.908521
,,Wilkes,36.213745,-80.908521
Swine,2,Wilson,35.7181,-78.085
Swine,1,Yadkin,36.1667,-80.7083
Wet Poultry,3,Halifax,36.3014,-77.4514
Wet Poultry,3,Hyde,35.6417,-76.525
Wet Poultry,3,Hyde,35.6417,-76.525
Wet Poultry,2,Nash,36.1164,-77.9444
Wet Poultry,1,Nash,36.0228,-77.9778
Wet Poultry,2,Nash,36.0044,-78.1236
Wet Poultry,3,Nash,36.0033,-77.9889
Wet Poultry,2,Union,35.127575,-80.419556
Swine,1,Alamance,35.87,-79.3033
Swine,1,Anson,35.050361,-80.062561
Swine,1,Anson,34.845508,-80.10178
Swine,1,Anson,35.156219,-80.11625
Swine,1,Anson,34.863761,-80.024744
Swine,1,Anson,35.039052,-80.063219
Swine,1,Anson,34.850075,-80.167827
Swine,6,Anson,35.134406,-80.135271
Swine,6,Anson,35.134406,-80.135271
Swine,6,Anson,35.134406,-80.135271
Swine,1,Anson,34.908397,-80.047794
Swine,1,Anson,34.815238,-80.25553
Swine,1,Anson,34.822255,-80.295013
Swine,1,Anson,34.853097,-80.066391
Swine,7,Beaufort,35.5884,-76.6885
Swine,2,Beaufort,35.4926,-77.1323
Swine,2,Beaufort,35.6193,-76.7136
Swine,2,Beaufort,35.6193,-76.7136
Swine,3,Beaufort,35.44314,-77.12842
Swine,3,Beaufort,35.44314,-77.12842
Swine,2,Beaufort,35.3141,-76.9392
Swine,2,Beaufort,35.384529,-77.112694
Swine,3,Beaufort,35.425,-77.0333
Swine,4,Beaufort,35.58,-76.6133
Swine,4,Beaufort,35.6401,-76.6392
Swine,4,Beaufort,35.6666,-76.6518
Swine,3,Bertie,36.078623,-77.026692
Swine,1,Bertie,36.183408,-77.248554
Swine,4,Bertie,36.2417,-77.175
Swine,2,Bertie,36.1433,-77.06
Swine,2,Bertie,35.9903,-77.1403
Swine,1,Bladen,34.547038,-78.418533
Swine,3,Bladen,34.759775,-78.674275
Swine,3,Bladen,34.759775,-78.674275
Swine,3,Bladen,34.759775,-78.674275
Swine,1,Bladen,34.490183,-78.853822
Swine,1,Bladen,34.540152,-78.463441
Swine,1,Bladen,34.524486,-78.474922
Swine,1,Bladen,34.766825,-78.589936
Swine,4,Bladen,34.745353,-78.823058
Swine,2,Bladen,34.504702,-78.560475
Swine,2,Bladen,34.5987,-78.804752
Swine,3,Bladen,34.628554,-78.701378
Swine,1,Bladen,34.627591,-78.684031
Swine,1,Bladen,34.547022,-78.52475
Swine,1,Bladen,34.813525,-78.783216
Swine,2,Bladen,34.804352,-78.617444
Swine,1,Bladen,34.508394,-78.511397
Swine,1,Bladen,34.567438,-78.659222
Swine,1,Bladen,34.757525,-78.580908
Swine,1,Bladen,34.47858,-78.717575
Swine,1,Bladen,34.47858,-78.717575
Swine,1,Bladen,34.756975,-78.737366
Swine,1,Bladen,34.756975,-78.737366
Swine,1,Bladen,34.756975,-78.737366
Swine,1,Bladen,34.504788,-78.528377
Swine,2,Bladen,34.578625,-78.546091
Swine,1,Bladen,34.5243,-78.632269
Swine,2,Bladen,34.563122,-78.8039
Swine,1,Bladen,34.718408,-78.394941
Swine,2,Bladen,34.589905,-78.817327
Swine,2,Bladen,34.498938,-78.541336
Swine,2,Bladen,34.498938,-78.541336
Swine,2,Bladen,34.498938,-78.541336
Swine,2,Bladen,34.621263,-78.351747
Swine,2,Bladen,34.621263,-78.351747
Swine,2,Bladen,34.621263,-78.351747
Swine,1,Bladen,34.487741,-78.537608
Swine,1,Bladen,34.519011,-78.836869
Swine,1,Bladen,34.421113,-78.381755
Swine,1,Bladen,34.724577,-78.402516
Swine,1,Bladen,34.590297,-78.681386
Swine,1,Bladen,34.585325,-78.674444
Swine,1,Bladen,34.559986,-78.578311
Swine,1,Bladen,34.752336,-78.42523
Swine,3,Bladen,34.565158,-78.692661
Swine,1,Bladen,34.684291,-78.642211
Swine,1,Bladen,34.689216,-78.645408
Swine,1,Bladen,34.741797,-78.600136
Swine,1,Bladen,34.589255,-78.674541
Swine,1,Bladen,34.589561,-78.666391
Swine,1,Bladen,34.739644,-78.718444
Swine,1,Bladen,34.674616,-78.661641
Swine,1,Bladen,34.805708,-78.466488
Swine,1,Bladen,34.80643,-78.483794
Swine,1,Bladen,34.708602,-78.820008
Swine,1,Bladen,34.542238,-78.58683
Swine,1,Bladen,34.599005,-78.689677
Swine,1,Bladen,34.776102,-78.497697
Swine,2,Bladen,34.686869,-78.499072
Swine,1,Bladen,34.50985,-78.518522
Swine,1,Bladen,34.481241,-78.781591
Swine,1,Bladen,34.749941,-78.442336
Swine,3,Bladen,34.751663,-78.846613
Swine,2,Bladen,34.557777,-78.495
Swine,1,Bladen,34.59211,-78.723167
Swine,1,Bladen,34.540516,-78.578705
Swine,1,Bladen,34.764194,-78.588786
Swine,1,Bladen,34.531375,-78.4903
Swine,1,Bladen,34.686044,-78.562633
Swine,1,Bladen,34.451572,-78.437858
Swine,1,Bladen,34.451572,-78.437858
Swine,1,Bladen,34.482519,-78.603244
Swine,2,Bladen,34.73215,-78.673569
Swine,2,Bladen,34.623241,-78.717411
Swine,1,Bladen,34.614791,-78.784527
Swine,1,Bladen,34.650536,-78.549316
Swine,1,Bladen,34.7657,-78.601772
Swine,1,Bladen,34.494388,-78.610302
Swine,1,Bladen,34.500308,-78.478605
Swine,1,Bladen,34.682527,-78.551375
Swine,1,Bladen,34.5528,-78.524133
Swine,1,Bladen,34.836377,-78.507916
Swine,1,Bladen,34.836377,-78.507916
Swine,1,Bladen,34.836377,-78.507916
Swine,1,Bladen,34.836594,-78.610177
Swine,1,Bladen,34.580919,-78.639463
Swine,1,Bladen,34.476322,-78.548255
Swine,2,Bladen,34.565355,-78.589105
Swine,1,Bladen,34.760661,-78.481497
Swine,3,Bladen,34.797758,-78.543247
Swine,3,Bladen,34.816858,-78.805961
Swine,1,Bladen,34.510091,-78.751577
Swine,1,Bladen,34.520541,-78.616397
Swine,5,Bladen,34.688483,-78.792986
Swine,2,Bladen,34.761508,-78.433408
Swine,1,Bladen,34.580766,-78.709472
Swine,1,Bladen,34.559705,-78.587997
Swine,1,Bladen,34.497027,-78.528186
Swine,1,Bladen,34.594805,-78.684583
Swine,3,Bladen,34.496205,-78.772841
Swine,1,Bladen,34.469572,-78.593002
Swine,1,Bladen,34.637158,-78.689033
Swine,1,Bladen,34.551694,-78.714852
Swine,1,Bladen,34.547691,-78.720022
Swine,1,Bladen,34.847997,-78.786366
Swine,1,Bladen,34.592744,-78.56143
Swine,1,Bladen,34.582997,-78.614869
Swine,1,Bladen,34.5169,-78.591427
Swine,1,Bladen,34.57973,-78.804083
Swine,7,Bladen,34.846472,-78.646513
Swine,1,Bladen,34.716725,-78.801905
Swine,1,Bladen,34.837275,-78.568391
Swine,1,Bladen,34.591611,-78.798319
Swine,1,Bladen,34.679069,-78.366355
Swine,2,Bladen,34.539161,-78.82878
Swine,2,Bladen,34.539161,-78.82878
Swine,1,Bladen,34.81983,-78.488958
Swine,1,Bladen,34.471969,-78.550633
Swine,1,Bladen,34.719841,-78.462661
Swine,1,Bladen,34.756116,-78.480377
Swine,4,Bladen,34.647688,-78.792986
Swine,2,Bladen,34.498733,-78.582388
Swine,2,Bladen,34.498733,-78.582388
Swine,2,Bladen,34.498733,-78.582388
Swine,2,Bladen,34.498733,-78.582388
Swine,2,Bladen,34.456047,-78.600058
Swine,1,Bladen,34.800433,-78.562763
Swine,1,Bladen,34.48728,-78.572236
Swine,13,Bladen,34.819191,-78.544711
Swine,13,Bladen,34.819191,-78.544711
Swine,13,Bladen,34.819191,-78.544711
Swine,1,Bladen,34.838905,-78.531
Swine,1,Bladen,34.82,-78.501877
Swine,1,Bladen,34.791302,-78.592686
Swine,3,Bladen,34.58393,-78.599241
Swine,1,Bladen,34.53188,-78.576869
Swine,1,Bladen,34.8024,-78.721272
Swine,1,Bladen,34.809475,-78.800216
Swine,,Bladen,34.748273,-78.826547
Swine,1,Brunswick,34.1108,-78.5225
Swine,1,Brunswick,34.0669,-78.2083
Swine,1,Brunswick,34.0647,-78.2133
Swine,1,Brunswick,34.100234,-78.145053
Swine,1,Brunswick,34.1208,-78.1139
Swine,1,Brunswick,34.1358,-78.5067
Swine,1,Brunswick,33.9667,-78.4972
Swine,1,Brunswick,34.123956,-78.423885
Swine,1,Brunswick,34.139614,-78.511167
Swine,3,Brunswick,34.112711,-78.099255
Swine,1,Brunswick,34.097063,-78.151852
Swine,1,Brunswick,34.112864,-78.026376
Swine,1,Brunswick,34.112864,-78.026376
Swine,1,Brunswick,34.119927,-78.429807
Swine,1,Cabarrus,35.3519,-80.4444
Swine,2,Caldwell,35.82,-81.3586
Swine,2,Chatham,35.628716,-79.507114
Swine,1,Chatham,35.6053,-79.5319
Swine,1,Chatham,35.6833,-79.4
Swine,1,Chowan,36.2278,-76.6164
Swine,2,Chowan,36.3261,-76.5708
Swine,1,Chowan,36.2153,-76.6756
Cattle,1,Chowan,36.1225,-76.6325
Swine,1,Chowan,36.1225,-76.6325
Swine,3,Chowan,36.2603,-76.5833
Swine,1,Chowan,36.2819,-76.6056
Swine,1,Chowan,36.2819,-76.6056
Swine,1,Chowan,36.2819,-76.6056
Swine,2,Columbus,34.416596,-78.696219
Swine,2,Columbus,34.416596,-78.696219
Swine,1,Columbus,34.36898,-78.784544
Swine,1,Columbus,34.365582,-78.73442
Swine,1,Columbus,34.355994,-78.776293
Swine,2,Columbus,34.2611,-78.3811
Swine,1,Columbus,34.057864,-78.682148
Swine,1,Columbus,34.385092,-78.880683
Swine,2,Columbus,34.2433,-78.3806
Swine,1,Columbus,34.437778,-78.71234
Swine,2,Columbus,34.4567,-78.8928
Swine,1,Columbus,34.436037,-78.643074
Swine,1,Columbus,34.03018,-78.675283
Swine,1,Columbus,34.03018,-78.675283
Swine,1,Columbus,34.03018,-78.675283
Swine,1,Columbus,34.3806,-78.2939
Swine,2,Columbus,34.122407,-78.806501
Swine,1,Columbus,34.332374,-78.439226
Swine,1,Columbus,34.4306,-78.7678
Swine,1,Columbus,34.341902,-78.888122
Swine,1,Columbus,34.127358,-78.752668
Swine,1,Columbus,34.1903,-78.7958
Swine,3,Columbus,34.3578,-78.6147
Swine,4,Columbus,34.446793,-78.736636
Swine,1,Columbus,34.2931,-78.9658
Swine,1,Columbus,34.4217,-78.8656
Swine,2,Columbus,34.273561,-78.987051
Swine,3,Columbus,34.336367,-78.9767
Swine,3,Columbus,34.454975,-78.911498
Swine,2,Columbus,34.272109,-79.020233
Swine,2,Columbus,34.0078,-78.7244
Swine,2,Columbus,34.183792,-78.786108
Swine,2,Columbus,34.183792,-78.786108
Swine,5,Columbus,34.264575,-78.926411
Swine,1,Columbus,34.460273,-78.885885
Swine,1,Columbus,34.3633,-78.8433
Swine,1,Columbus,34.408439,-78.935247
Swine,1,Columbus,34.3944,-78.8618
Swine,1,Columbus,34.167964,-78.52865
Swine,1,Columbus,34.246179,-78.865575
Swine,1,Columbus,34.150954,-78.652093
Swine,2,Columbus,34.454919,-78.757544
Swine,1,Columbus,34.3842,-78.5961
Swine,1,Columbus,34.4431,-78.6478
Swine,1,Columbus,34.416765,-78.845468
Swine,2,Columbus,34.1111,-78.7492
Swine,2,Columbus,34.423411,-78.889387
Swine,1,Columbus,34.251502,-78.844781
Swine,1,Columbus,34.458129,-78.839341
Swine,4,Craven,35.0661,-77.179982
Swine,2,Craven,35.3577,-77.143749
Swine,1,Craven,35.3701,-77.302442
Swine,1,Craven,35.2854,-77.362753
Swine,1,Craven,35.2695,-77.228089
Swine,2,Craven,35.1843,-77.34356
Swine,1,Craven,35.2722,-77.33245
Swine,1,Craven,35.3139,-77.233566
Swine,1,Craven,35.3139,-77.233566
Swine,1,Craven,35.3139,-77.233566
Swine,2,Craven,35.2139,-77.003442
Swine,1,Craven,35.2544,-77.1617
Swine,2,Craven,35.3203,-77.360839
Swine,2,Craven,35.2412,-77.283879
Swine,1,Craven,35.1801,-77.211008
Swine,4,Craven,35.2872,-77.3851
Swine,2,Craven,35.3354,-77.110108
Swine,2,Craven,35.2299,-77.331104
Swine,2,Craven,35.2584,-77.212528
Swine,1,Craven,35.3325,-77.39316
Swine,1,Craven,35.3595,-77.279012
Swine,2,Craven,35.2285,-77.44883
Swine,1,Craven,35.3179,-77.350714
Swine,1,Craven,35.311,-77.270217
Swine,1,Craven,35.3163,-77.422517
Swine,1,Craven,35.3762,-77.292729
Swine,,Craven,35.3661,-77.103803
Swine,1,Cumberland,34.882789,-78.547578
Swine,1,Cumberland,35.169856,-78.690347
Swine,2,Cumberland,34.940364,-78.713933
Swine,2,Cumberland,34.896675,-78.543831
Swine,1,Cumberland,34.865278,-78.555056
Swine,2,Cumberland,34.959472,-78.622078
Swine,1,Cumberland,35.220389,-78.697892
Swine,1,Cumberland,34.875289,-78.533667
Swine,2,Cumberland,34.860658,-78.803694
Swine,3,Cumberland,35.115792,-78.645961
Swine,2,Cumberland,34.892247,-78.543367
Swine,2,Cumberland,34.945008,-78.610889
Swine,1,Cumberland,35.184375,-78.677114
Swine,1,Cumberland,35.126086,-78.652589
Swine,1,Cumberland,34.886683,-78.554053
Swine,1,Cumberland,34.85195,-78.550383
Swine,2,Cumberland,34.8913,-78.606997
Swine,1,Cumberland,34.921656,-78.6553
Swine,1,Cumberland,34.921656,-78.6553
Swine,1,Cumberland,34.932667,-78.632761
Swine,1,Davidson,35.5978,-80.0692
Swine,4,Duplin,35.0467,-78.09
Swine,3,Duplin,34.7806,-78.1694
Swine,2,Duplin,34.7892,-78.0489
Swine,1,Duplin,34.8522,-77.9697
Swine,3,Duplin,34.8953,-77.75
Swine,7,Duplin,34.8825,-78.1094
Swine,2,Duplin,34.8483,-78.1597
Swine,4,Duplin,35.1467,-78.13
Swine,3,Duplin,35.0542,-77.98
Swine,2,Duplin,35.0183,-78.1333
Swine,3,Duplin,35.1461,-77.9944
Swine,2,Duplin,35.1492,-77.9631
Swine,2,Duplin,34.945,-77.9053
Swine,2,Duplin,34.87,-77.7522
Swine,3,Duplin,34.7319,-77.7181
Swine,2,Duplin,34.97497,-77.86583
Swine,2,Duplin,35.044596,-77.936535
Swine,1,Duplin,34.9542,-77.925
Swine,1,Duplin,35.145728,-77.853752
Swine,2,Duplin,35.0569,-77.8003
Swine,1,Duplin,34.966137,-77.926392
Swine,1,Duplin,34.966137,-77.926392
Swine,3,Duplin,34.9478,-78.0367
Swine,2,Duplin,35.045,-78.0778
Swine,3,Duplin,35.0611,-78.0533
Swine,3,Duplin,35.0389,-77.9278
Swine,4,Duplin,35.0222,-78.0361
Swine,1,Duplin,34.8833,-77.8194
Swine,2,Duplin,34.9508,-78.0481
Swine,2,Duplin,35.023444,-78.074718
Swine,1,Duplin,34.87525,-77.7326
Swine,2,Duplin,34.8783,-77.7444
Swine,3,Duplin,34.7842,-77.7725
Swine,2,Duplin,34.7708,-77.7867
Swine,2,Duplin,34.905,-77.7394
Swine,1,Duplin,35.0519,-77.9703
Swine,1,Duplin,34.9111,-78.0778
Swine,2,Duplin,35.0567,-77.8733
Swine,2,Duplin,35.023619,-77.876417
Swine,1,Duplin,34.9017,-77.9094
Swine,1,Duplin,35.0203,-78.0161
Swine,1,Duplin,35.0203,-78.0161
Swine,1,Duplin,35.0203,-78.0161
Swine,2,Duplin,34.8739,-77.8019
Swine,1,Duplin,34.85,-77.8936
Swine,2,Duplin,35.0886,-77.9839
Swine,2,Duplin,34.9528,-77.8378
Swine,2,Duplin,35.0042,-77.8861
Swine,1,Duplin,35.0653,-77.9408
Swine,1,Duplin,34.9847,-77.9556
Swine,2,Duplin,35.0167,-77.9514
Swine,3,Duplin,35.131162,-77.789668
Swine,2,Duplin,34.916676,-77.987866
Swine,2,Duplin,34.943818,-77.954867
Swine,3,Duplin,35.1069,-78.0708
Swine,1,Duplin,34.7333,-77.7542
Swine,3,Duplin,35.1069,-77.8236
Swine,3,Duplin,35.079673,-77.770538
Swine,1,Duplin,34.8686,-77.6956
Swine,1,Duplin,35.024122,-77.762322
Swine,2,Duplin,34.9519,-78.1025
Swine,3,Duplin,34.827022,-78.093942
Swine,3,Duplin,34.8483,-77.9492
Swine,1,Duplin,34.8428,-77.9214
Swine,2,Duplin,34.7733,-77.8403
Swine,1,Duplin,34.7825,-77.8408
Swine,2,Duplin,34.7556,-77.6833
Swine,2,Duplin,35.1039,-77.7789
Swine,1,Duplin,34.8369,-77.7056
Swine,2,Duplin,34.89281,-77.80337
Swine,2,Duplin,34.843313,-77.730379
Swine,1,Duplin,34.8694,-77.7267
Swine,1,Duplin,34.8633,-77.7033
Swine,1,Duplin,34.968013,-77.912723
Swine,3,Duplin,35.069252,-77.799118
Swine,1,Duplin,35.152741,-77.855782
Swine,1,Duplin,34.9642,-77.8306
Swine,2,Duplin,34.7367,-77.7978
Swine,2,Duplin,34.8761,-78.0236
Swine,3,Duplin,34.8833,-77.7467
Cattle,1,Duplin,35.045567,-77.798734
Swine,1,Duplin,35.045567,-77.798734
Swine,2,Duplin,34.95,-77.9653
Swine,3,Duplin,34.71793,-77.75193
Swine,1,Duplin,34.73276,-78.070045
Swine,2,Duplin,34.74519,-77.74051
Swine,3,Duplin,34.8994,-77.9283
Swine,4,Duplin,35.0964,-77.9492
Swine,2,Duplin,34.8911,-77.685
Swine,1,Duplin,35.1131,-77.9961
Swine,4,Duplin,35.0736,-77.9569
Swine,1,Duplin,34.8564,-77.8656
Swine,1,Duplin,35.0575,-78.0403
Swine,2,Duplin,34.915,-78.0933
Swine,2,Duplin,34.915,-78.0933
Swine,2,Duplin,34.915,-78.0933
Swine,1,Duplin,35.0361,-77.7758
Swine,1,Duplin,35.0317,-77.9036
Swine,3,Duplin,35.0144,-77.7839
Swine,3,Duplin,35.0144,-77.7839
Swine,3,Duplin,35.0144,-77.7839
Swine,2,Duplin,34.995,-78.0217
Swine,1,Duplin,35.0358,-78.1342
Swine,1,Duplin,34.967978,-77.722747
Swine,1,Duplin,34.8725,-77.9361
Swine,2,Duplin,34.9469,-77.7864
Swine,2,Duplin,35.0658,-77.9581
Swine,1,Duplin,35.0653,-78.0678
Swine,2,Duplin,34.8817,-77.8053
Swine,4,Duplin,35.0203,-77.8072
Swine,1,Duplin,35.08,-77.8653
Swine,1,Duplin,34.918066,-77.910707
Swine,1,Duplin,34.8517,-77.7436
Swine,1,Duplin,35.0361,-77.9944
Swine,1,Duplin,35.0361,-77.9944
Swine,1,Duplin,35.0361,-77.9944
Swine,1,Duplin,35.068112,-78.011137
Swine,1,Duplin,35.068112,-78.011137
Swine,1,Duplin,35.068112,-78.011137
Swine,2,Duplin,35.0683,-78.0167
Swine,2,Duplin,35.0683,-78.0167
Swine,2,Duplin,35.0683,-78.0167
Swine,1,Duplin,35.0331,-77.9786
Swine,1,Duplin,34.8842,-77.7622
Swine,1,Duplin,35.0722,-78.1083
Swine,2,Duplin,35.0861,-77.8006
Swine,1,Duplin,35.1389,-77.8347
Swine,2,Duplin,34.9458,-78.0139
Swine,2,Duplin,34.9667,-78.1075
Swine,2,Duplin,35.0989,-77.8147
Swine,2,Duplin,35.1436,-77.9575
Swine,1,Duplin,34.8944,-77.7136
Swine,2,Duplin,35.1275,-77.9569
Swine,2,Duplin,35.10152,-78.01161
Swine,2,Duplin,35.134527,-77.824593
Swine,2,Duplin,35.0639,-78.125
Swine,2,Duplin,34.837027,-77.909363
Swine,1,Duplin,34.947151,-77.83011
Swine,1,Duplin,35.1033,-77.8022
Swine,1,Duplin,35.0264,-77.915
Swine,1,Duplin,34.7772,-77.7717
Swine,1,Duplin,35.0972,-78.0275
Swine,1,Duplin,34.9967,-77.9036
Swine,1,Duplin,35.0731,-77.9814
Swine,1,Duplin,34.9486,-77.8433
Swine,1,Duplin,35.1092,-78.0506
Swine,2,Duplin,34.9056,-77.9278
Swine,2,Duplin,34.8283,-77.7936
Swine,2,Duplin,34.8256,-77.7872
Swine,1,Duplin,34.74394,-78.13713
Swine,1,Duplin,34.9267,-77.685
Swine,1,Duplin,34.7544,-77.7767
Swine,3,Duplin,34.9681,-78.1542
Swine,1,Duplin,35.1172,-77.9214
Swine,1,Duplin,34.79,-78.1
Swine,1,Duplin,34.7917,-77.9414
Swine,1,Duplin,35.0839,-77.8186
Swine,1,Duplin,35.055,-77.7883
Swine,1,Duplin,35.0258,-77.8006
Swine,1,Duplin,34.9936,-77.8403
Swine,1,Duplin,34.8894,-77.9225
Swine,1,Duplin,35.1258,-77.8764
Swine,1,Duplin,34.8147,-77.715
Swine,2,Duplin,34.9164,-77.8144
Swine,2,Duplin,34.7311,-77.7328
Swine,1,Duplin,34.9108,-77.7397
Swine,1,Duplin,35.0233,-77.79
Swine,1,Duplin,35.0278,-77.7797
Swine,1,Duplin,35.1381,-77.8825
Swine,1,Duplin,34.76197,-77.73022
Swine,1,Duplin,35.0303,-77.9153
Swine,1,Duplin,35.0303,-77.9153
Swine,3,Duplin,34.9886,-77.8789
Swine,2,Duplin,35.1053,-78.0428
Swine,1,Duplin,35.099165,-77.791506
Swine,1,Duplin,35.0494,-77.9878
Swine,1,Duplin,34.7614,-77.6989
Swine,1,Duplin,34.999999,-77.834099
Swine,2,Duplin,34.7914,-77.7847
Swine,2,Duplin,34.7803,-77.9886
Swine,3,Duplin,35.029846,-78.140266
Swine,1,Duplin,34.857872,-77.915526
Swine,4,Duplin,34.8008,-77.7519
Swine,1,Duplin,35.0139,-78.0294
Swine,1,Duplin,35.0333,-77.8861
Swine,1,Duplin,35.026488,-77.888242
Swine,2,Duplin,35.042344,-77.956433
Swine,1,Duplin,35.103093,-77.90218
Swine,1,Duplin,34.9278,-77.8161
Swine,2,Duplin,34.97974,-77.744164
Swine,2,Duplin,34.85,-77.8228
Swine,1,Duplin,34.859811,-77.817853
Swine,1,Duplin,34.8603,-77.8128
Swine,3,Duplin,34.9689,-78.0367
Swine,2,Duplin,35.011817,-77.968579
Swine,3,Duplin,35.0236,-78.1183
Swine,1,Duplin,34.970655,-78.025769
Swine,2,Duplin,35.0314,-78.0158
Swine,1,Duplin,35.035624,-77.963323
Swine,1,Duplin,35.035624,-77.963323
Swine,1,Duplin,34.7517,-77.7914
Swine,2,Duplin,35.0156,-77.9967
Swine,1,Duplin,34.7636,-77.7408
Swine,1,Duplin,34.741541,-77.698713
Swine,1,Duplin,34.730108,-77.772947
Swine,1,Duplin,34.76063,-77.72547
Swine,1,Duplin,34.782226,-77.983596
Swine,1,Duplin,34.73041,-77.74345
Swine,2,Duplin,34.9433,-77.92
Swine,1,Duplin,34.739664,-77.781349
Swine,1,Duplin,34.8972,-77.8133
Swine,2,Duplin,35.0986,-77.7833
Swine,2,Duplin,34.8806,-77.9064
Swine,2,Duplin,35.1439,-78.0472
Swine,1,Duplin,35.1264,-77.9328
Swine,2,Duplin,35.1181,-77.8772
Swine,1,Duplin,34.9817,-77.7736
Swine,4,Duplin,34.9667,-78.0908
Swine,4,Duplin,34.9667,-78.0908
Swine,1,Duplin,34.9292,-77.7458
Swine,1,Duplin,34.835,-77.8875
Swine,2,Duplin,35.11,-77.7789
Swine,2,Duplin,35.0969,-77.82
Swine,2,Duplin,35.0656,-77.7753
Swine,2,Duplin,35.0583,-78.1378
Swine,1,Duplin,34.9858,-77.7153
Swine,2,Duplin,35.108403,-77.998395
Swine,1,Duplin,34.976261,-77.784362
Swine,1,Duplin,34.9656,-77.8456
Swine,1,Duplin,34.840352,-77.762375
Swine,2,Duplin,35.1158,-77.9789
Swine,1,Duplin,34.75979,-77.75074
Swine,1,Duplin,34.9786,-77.7808
Swine,1,Duplin,34.7369,-78.125
Swine,2,Duplin,34.7389,-78.1214
Swine,3,Duplin,34.7778,-78.0789
Swine,1,Duplin,35.15443,-77.82186
Swine,2,Duplin,35.0869,-77.8628
Swine,1,Duplin,34.822327,-78.159799
Swine,3,Duplin,34.860436,-77.939721
Swine,2,Duplin,35.0369,-78.0964
Swine,2,Duplin,34.7439,-78.0792
Swine,1,Duplin,35.0867,-77.8697
Swine,1,Duplin,34.8389,-77.9186
Swine,2,Duplin,35.1119,-77.9747
Swine,1,Duplin,34.90819,-77.69062
Swine,1,Duplin,34.871459,-77.923136
Swine,2,Duplin,34.8767,-77.9133
Swine,1,Duplin,34.8381,-77.9634
Swine,2,Duplin,34.9664,-78.140862
Swine,2,Duplin,35.0022,-77.8553
Swine,1,Duplin,34.82304,-77.73487
Swine,2,Duplin,34.7497,-77.7317
Swine,1,Duplin,35.0014,-77.8992
Swine,1,Duplin,35.1903,-78.0369
Swine,2,Duplin,34.8108,-78.1525
Swine,1,Duplin,35.006263,-77.774766
Swine,2,Duplin,34.8781,-77.8758
Swine,1,Duplin,34.929369,-78.029713
Swine,1,Duplin,34.94,-77.8175
Swine,1,Duplin,35.0219,-77.8706
Swine,1,Duplin,35.0672,-77.825
Swine,1,Duplin,35.057561,-77.858721
Swine,2,Duplin,35.1094,-77.9797
Swine,2,Duplin,35.0175,-77.9622
Swine,2,Duplin,34.741886,-78.100073
Swine,1,Duplin,35.0569,-77.9242
Swine,1,Duplin,35.0953,-78.1378
Swine,1,Duplin,34.935712,-78.030448
Swine,2,Duplin,35.028783,-77.93834
Swine,2,Duplin,35.028783,-77.93834
Swine,1,Duplin,34.9919,-77.7742
Swine,1,Duplin,35.005,-77.7706
Swine,1,Duplin,34.8917,-77.9167
Swine,1,Duplin,35.1161,-77.9536
Swine,2,Duplin,34.9619,-77.9172
Swine,1,Duplin,34.8624,-77.94868
Swine,1,Duplin,35.0236,-77.8944
Swine,1,Duplin,35.0647,-77.8028
Swine,1,Duplin,34.8619,-77.9489
Swine,1,Duplin,35.10447,-77.84805
Swine,1,Duplin,34.78,-78.1067
Swine,1,Duplin,35.0731,-77.8406
Swine,1,Duplin,34.810109,-77.68757
Swine,1,Duplin,34.9856,-77.9328
Swine,1,Duplin,34.9008,-78.0125
Swine,1,Duplin,34.99348,-77.76863
Swine,1,Duplin,34.9894,-77.905
Swine,2,Duplin,35.1297,-77.8661
Swine,1,Duplin,34.8542,-77.7008
Swine,2,Duplin,35.0122,-78.1286
Swine,1,Duplin,34.7844,-77.9417
Swine,1,Duplin,35.065522,-77.845355
Swine,1,Duplin,35.1014,-77.8856
Swine,1,Duplin,34.9664,-77.7311
Swine,2,Duplin,34.85763,-77.90724
Swine,2,Duplin,34.861078,-77.85754
Swine,2,Duplin,35.1478,-78.0372
Swine,1,Duplin,34.83128,-78.09838
Swine,2,Duplin,35.0903,-77.9903
Swine,1,Duplin,34.883435,-77.925133
Swine,1,Duplin,34.9439,-77.8142
Swine,1,Duplin,34.8125,-77.6786
Swine,1,Duplin,34.8739,-77.885
Swine,1,Duplin,34.7992,-77.95
Swine,2,Duplin,35.1253,-77.88
Swine,1,Duplin,35.1131,-77.7561
Swine,2,Duplin,34.970463,-77.822532
Swine,3,Duplin,35.1075,-77.8697
Swine,2,Duplin,34.8047,-77.9531
Swine,2,Duplin,34.863862,-78.118362
Swine,2,Duplin,34.863862,-78.118362
Swine,2,Duplin,34.863862,-78.118362
Swine,2,Duplin,34.7797,-77.9619
Swine,2,Duplin,34.7797,-77.9619
Swine,1,Duplin,34.9875,-77.9097
Swine,2,Duplin,35.1164,-77.9736
Swine,1,Duplin,35.079083,-78.025564
Swine,2,Duplin,34.8531,-77.8597
Swine,2,Duplin,34.8764,-77.9092
Swine,1,Duplin,34.8703,-77.8078
Swine,1,Duplin,34.941904,-77.736264
Swine,1,Duplin,35.0008,-77.7731
Swine,2,Duplin,34.997581,-77.791054
Swine,2,Duplin,34.7808,-77.7367
Swine,1,Duplin,34.855,-77.9525
Swine,1,Duplin,34.938719,-77.839801
Swine,1,Duplin,34.9264,-77.7194
Swine,1,Duplin,34.9278,-77.7022
Swine,1,Duplin,34.9597,-77.8014
Swine,2,Duplin,35.0025,-77.7656
Swine,1,Duplin,34.8417,-77.8864
Swine,2,Duplin,34.9292,-77.7242
Swine,2,Duplin,35.11364,-77.8298
Swine,2,Duplin,35.1069,-77.7883
Swine,2,Duplin,34.8031,-78.1731
Swine,1,Duplin,34.73192,-77.76105
Swine,1,Duplin,35.145012,-77.799354
Swine,1,Duplin,34.805,-77.9775
Swine,1,Duplin,34.7447,-78.1197
Swine,3,Duplin,34.7814,-78.1011
Swine,3,Duplin,34.8878,-77.7758
Swine,1,Duplin,34.965556,-77.818377
Swine,1,Duplin,34.82461,-78.06909
Swine,1,Duplin,35.0764,-77.8586
Swine,1,Duplin,35.106059,-77.919881
Swine,1,Duplin,35.0869,-77.8772
Swine,1,Duplin,35.05135,-78.13512
Swine,2,Duplin,35.0019,-77.7917
Swine,1,Duplin,34.9869,-77.8064
Swine,2,Duplin,35.05,-77.87
Swine,1,Duplin,35.0853,-77.9483
Swine,2,Duplin,35.15,-77.8819
Swine,2,Duplin,35.044787,-78.056092
Swine,1,Duplin,34.8313,-77.96244
Swine,2,Duplin,35.015748,-77.921301
Swine,1,Duplin,34.7662,-77.79864
Swine,2,Duplin,35.041924,-77.766024
Swine,2,Duplin,35.041924,-77.766024
Swine,1,Duplin,34.9525,-78.1367
Swine,2,Duplin,34.9611,-78.1292
Swine,1,Duplin,34.9033,-77.7533
Swine,1,Duplin,34.8542,-77.7
Swine,2,Duplin,34.9292,-77.9917
Swine,1,Duplin,35.1717,-78.1372
Swine,1,Duplin,35.170546,-77.848908
Swine,2,Duplin,34.8178,-77.7239
Swine,1,Duplin,34.8975,-77.8836
Swine,1,Duplin,35.152551,-77.840518
Swine,2,Duplin,34.7508,-77.8147
Swine,2,Duplin,34.7422,-77.7864
Swine,2,Duplin,34.8367,-78.11
Swine,1,Duplin,34.984385,-77.70806
Swine,1,Duplin,34.8267,-78.1208
Swine,1,Duplin,34.8267,-78.1208
Swine,2,Duplin,35.0819,-77.9722
Swine,1,Duplin,34.9125,-77.6997
Swine,1,Duplin,34.7275,-77.9606
Swine,1,Duplin,34.9981,-77.9128
Swine,1,Duplin,35.0061,-77.8997
Swine,1,Duplin,34.7511,-77.765
Swine,1,Duplin,35.10469,-77.76986
Swine,1,Duplin,34.90213,-77.78874
Swine,1,Duplin,35.0767,-77.85
Swine,2,Duplin,34.8383,-78.1375
Swine,1,Duplin,35.046212,-77.850863
Swine,1,Duplin,35.0833,-77.7544
Swine,3,Duplin,34.765759,-78.182206
Swine,1,Duplin,35.1122,-77.8833
Swine,4,Duplin,35.1472,-77.9014
Swine,2,Duplin,35.15912,-77.84137
Swine,2,Duplin,35.15912,-77.84137
Swine,2,Duplin,35.0264,-77.8272
Swine,2,Duplin,35.0547,-78.1403
Swine,1,Duplin,34.7775,-78.1186
Swine,2,Duplin,34.7533,-78.1117
Swine,2,Duplin,34.8475,-77.9361
Swine,1,Duplin,35.091511,-78.058803
Swine,1,Duplin,34.9361,-78.1274
Swine,2,Duplin,35.033111,-77.928084
Swine,1,Duplin,34.9619,-78.0717
Swine,1,Duplin,34.8094,-77.7039
Swine,4,Duplin,35.0097,-77.9461
Swine,1,Duplin,35.0867,-77.8106
Swine,1,Duplin,35.094864,-77.974901
Swine,3,Duplin,35.1278,-77.7989
Swine,1,Duplin,34.899097,-77.920786
Swine,1,Duplin,35.00796,-78.024422
Swine,1,Duplin,34.923048,-77.698666
Swine,2,Duplin,35.086466,-77.925455
Swine,2,Duplin,34.8931,-77.8972
Swine,1,Duplin,34.8581,-77.7522
Swine,2,Duplin,34.793692,-77.927467
Swine,3,Duplin,35.0425,-78.0333
Swine,2,Duplin,34.7625,-77.8294
Swine,4,Duplin,34.8489,-78.1297
Swine,1,Duplin,34.7533,-78.17
Swine,1,Duplin,35.0625,-77.8969
Swine,1,Duplin,35.1553,-78.0622
Swine,1,Duplin,34.768857,-77.707797
Swine,1,Duplin,35.1092,-78.0211
Swine,1,Duplin,34.9544,-78.0214
Swine,1,Duplin,35.155,-78.0694
Swine,1,Duplin,35.155,-78.0694
Swine,1,Duplin,35.155,-78.0694
Swine,2,Duplin,34.7869,-77.7422
Swine,3,Duplin,34.7653,-78.1389
Swine,1,Duplin,34.800484,-78.126297
Swine,2,Duplin,34.806281,-78.097826
Swine,1,Duplin,35.0286,-77.7917
Swine,1,Duplin,34.9403,-77.9667
Swine,1,Duplin,34.9167,-78.0083
Swine,1,Duplin,34.7783,-77.6972
Swine,1,Duplin,35.1394,-78.0053
Swine,1,Duplin,34.7922,-78.1544
Swine,2,Duplin,34.9069,-77.9942
Swine,1,Duplin,34.8069,-77.7958
Swine,1,Duplin,34.978311,-77.977501
Swine,2,Duplin,35.0697,-78.0531
Swine,1,Duplin,34.75592,-77.81901
Swine,1,Duplin,35.0783,-77.9878
Swine,1,Duplin,34.897131,-77.825267
Swine,2,Duplin,34.7931,-78.1197
Swine,2,Duplin,34.8061,-77.7167
Swine,1,Duplin,34.753908,-77.739906
Swine,1,Duplin,34.99547,-77.890355
Swine,1,Duplin,34.7453,-77.6931
Swine,1,Duplin,34.7847,-78.1331
Swine,3,Duplin,35.031011,-77.897516
Swine,1,Duplin,35.0897,-77.7903
Swine,1,Duplin,34.9744,-77.7789
Swine,2,Duplin,34.738185,-77.949058
Swine,1,Duplin,34.8617,-77.8931
Swine,3,Duplin,34.893061,-77.945623
Swine,2,Duplin,34.8806,-78.0042
Swine,1,Duplin,35.1881,-78.0131
Swine,2,Duplin,34.8144,-78.0889
Swine,1,Duplin,34.7319,-77.7964
Swine,1,Duplin,34.860212,-77.698131
Swine,1,Duplin,34.959839,-78.017098
Swine,1,Duplin,34.9528,-77.8289
Swine,1,Duplin,35.1269,-77.8964
Swine,4,Duplin,34.7833,-78.1439
Swine,1,Duplin,35.0914,-77.9369
Swine,2,Duplin,34.815275,-78.133541
Swine,1,Duplin,35.12895,-77.89875
Swine,1,Duplin,35.1803,-78.0028
Swine,1,Duplin,34.8571,-77.8934
Swine,1,Duplin,35.0758,-77.8389
Swine,1,Duplin,34.86442,-77.79923
Swine,1,Duplin,35.10839,-77.82765
Swine,3,Duplin,34.9714,-78.07
Swine,1,Duplin,35.1428,-77.7883
Swine,5,Duplin,35.087796,-78.047684
Swine,1,Duplin,34.7611,-77.6869
Swine,1,Duplin,35.0214,-78.0322
Swine,1,Duplin,35.0214,-78.0322
Swine,1,Duplin,35.0214,-78.0322
Swine,1,Duplin,34.8083,-77.7417
Swine,1,Duplin,34.8553,-78.0986
Swine,3,Duplin,35.1267,-78.0708
Swine,1,Duplin,34.7494,-77.7956
Swine,1,Duplin,35.078603,-78.063594
Swine,3,Duplin,35.073254,-77.967379
Swine,1,Duplin,35.0097,-77.9175
Swine,1,Duplin,34.9075,-77.6858
Swine,1,Duplin,35.0575,-78.0778
Swine,1,Duplin,34.8556,-77.7897
Swine,1,Duplin,34.8833,-78.0856
Swine,1,Duplin,35.1308,-78.0172
Swine,1,Duplin,35.1308,-78.0172
Swine,1,Duplin,35.1308,-78.0172
Swine,1,Duplin,35.1056,-78.1058
Swine,1,Duplin,35.1056,-78.1058
Swine,1,Duplin,34.8939,-77.7608
Swine,1,Duplin,34.774303,-77.708316
Swine,,Duplin,35.001101,-77.789228
Swine,,Duplin,,
Swine,,Duplin,35.1189,-78.1014
Swine,5,Edgecombe,35.9583,-77.6878
Swine,5,Edgecombe,35.9583,-77.6878
Swine,5,Edgecombe,35.9583,-77.6878
Swine,4,Edgecombe,35.813739,-77.612747
Swine,5,Edgecombe,35.8315,-77.5952
Swine,1,Edgecombe,35.8828,-77.4025
Swine,2,Edgecombe,35.8889,-77.3781
Swine,2,Edgecombe,35.8889,-77.3781
Swine,2,Edgecombe,35.8889,-77.3781
Swine,4,Edgecombe,36.0456,-77.5508
Swine,1,Edgecombe,36.0256,-77.5864
Swine,1,Edgecombe,36.1158,-77.6611
Swine,2,Edgecombe,35.764725,-77.584966
Swine,1,Edgecombe,35.8957,-77.6913
Swine,2,Edgecombe,35.8597,-77.3694
Swine,1,Edgecombe,35.8535,-77.7723
Swine,3,Edgecombe,35.8114,-77.6417
Swine,1,Edgecombe,35.8464,-77.725
Swine,1,Edgecombe,35.8872,-77.7661
Swine,2,Edgecombe,35.9098,-77.6965
Swine,1,Edgecombe,35.865372,-77.780158
Swine,6,Edgecombe,36.0519,-77.6367
Swine,6,Edgecombe,36.0519,-77.6367
Swine,6,Edgecombe,36.0519,-77.6367
Swine,6,Edgecombe,36.0519,-77.6367
Swine,2,Edgecombe,35.9831,-77.3992
Swine,1,Edgecombe,36.0344,-77.5544
Swine,1,Edgecombe,35.8544,-77.4011
Swine,1,Edgecombe,36.0389,-77.7169
Swine,1,Edgecombe,35.8511,-77.7836
Swine,1,Edgecombe,36.0244,-77.425
Swine,1,Franklin,36.0761,-78.1014
Swine,1,Franklin,36.0733,-78.135
Swine,3,Franklin,36.0094,-78.1397
Swine,1,Franklin,36.1558,-78.065
Swine,2,Franklin,36.0131,-78.135
Swine,1,Gates,36.4375,-76.7072
Swine,1,Gates,36.4919,-76.6808
Swine,2,Gates,36.3661,-76.7014
Swine,1,Gates,36.492385,-76.67016
Swine,2,Gates,36.4175,-76.7622
Swine,2,Gates,36.4175,-76.7622
Swine,2,Gates,36.4175,-76.7622
Swine,2,Gates,36.4175,-76.7622
Swine,2,Gates,36.475,-76.7856
Swine,2,Granville,36.4458,-78.6836
Swine,1,Greene,35.5464,-77.6622
Swine,3,Greene,35.52436,-77.63811
Swine,1,Greene,35.5158,-77.5989
Swine,2,Greene,35.5664,-77.7056
Swine,5,Greene,35.4411,-77.5306
Swine,1,Greene,35.4225,-77.7681
Swine,1,Greene,35.4364,-77.8153
Swine,1,Greene,35.5083,-77.7028
Swine,1,Greene,35.4714,-77.6356
Swine,2,Greene,35.5456,-77.7278
Swine,1,Greene,35.5333,-77.5619
Swine,2,Greene,35.3758,-77.6625
Swine,1,Greene,35.5353,-77.7239
Swine,1,Greene,35.384717,-77.764829
Swine,1,Greene,35.4778,-77.8028
Swine,1,Greene,35.3856,-77.6311
Swine,1,Greene,35.378939,-77.58842
Swine,1,Greene,35.5542,-77.8181
Swine,2,Greene,35.4358,-77.7206
Swine,1,Greene,35.5219,-77.6206
Swine,1,Greene,35.52964,-77.6839
Swine,1,Greene,35.4194,-77.5819
Swine,2,Greene,35.4783,-77.5806
Swine,1,Greene,35.53002,-77.69411
Swine,4,Greene,35.5169,-77.6903
Swine,1,Greene,35.4372,-77.7131
Swine,2,Greene,35.4347,-77.5011
Swine,1,Greene,35.5456,-77.7292
Swine,1,Greene,35.4425,-77.6542
Swine,1,Greene,35.4972,-77.6389
Swine,2,Greene,35.4911,-77.7408
Swine,1,Greene,35.431413,-77.764125
Swine,1,Greene,35.4256,-77.75
Swine,1,Greene,35.4533,-77.5806
Swine,3,Greene,35.514001,-77.687275
Swine,1,Greene,35.4758,-77.7425
Swine,2,Greene,35.4728,-77.7922
Swine,2,Greene,35.4603,-77.5464
Swine,2,Greene,35.3839,-77.5739
Swine,1,Greene,35.4583,-77.7836
Swine,1,Greene,35.393284,-77.570149
Swine,1,Greene,35.628242,-77.683522
Swine,6,Greene,35.4247,-77.5469
Swine,3,Greene,35.525,-77.5881
Swine,1,Greene,35.3903,-77.7906
Swine,2,Greene,35.4056,-77.7494
Swine,1,Greene,35.6431,-77.7047
Swine,1,Greene,35.4311,-77.75
Swine,2,Greene,35.5353,-77.6347
Swine,4,Greene,35.5081,-77.6897
Swine,1,Greene,35.4367,-77.7481
Swine,1,Greene,35.4744,-77.7517
Swine,1,Greene,35.4011,-77.5817
Swine,2,Greene,35.392053,-77.657731
Swine,1,Greene,35.396999,-77.592801
Swine,5,Greene,35.515032,-77.667362
Swine,1,Greene,35.427917,-77.780034
Swine,1,Greene,35.501307,-77.53364
Swine,2,Greene,35.3833,-77.6633
Swine,1,Greene,35.48,-77.7733
Swine,,Greene,35.4983,-77.7639
Swine,1,Greene,35.5247,-77.5819
Other Animals ,1,Greene,35.4744,-77.7967
Swine,1,Greene,35.3847,-77.7319
Swine,1,Greene,35.5,-77.7833
Swine,1,Greene,35.5703,-77.6808
Swine,1,Greene,35.6467,-77.7044
Swine,1,Greene,35.4756,-77.5228
Swine,1,Greene,35.4631,-77.7631
Swine,1,Greene,35.4425,-77.5067
Swine,1,Greene,35.5344,-77.6228
Swine,1,Greene,35.4692,-77.5092
Swine,1,Greene,35.393577,-77.738728
Swine,1,Greene,35.5175,-77.6431
Swine,1,Greene,35.5114,-77.8
Swine,1,Greene,35.3847,-77.6747
Swine,1,Greene,35.4894,-77.6103
Swine,1,Greene,35.4986,-77.6425
Swine,1,Greene,35.5203,-77.6333
Swine,2,Greene,35.4675,-77.7447
Swine,1,Greene,35.4408,-77.7289
Swine,1,Greene,35.515,-77.6044
Swine,1,Greene,35.4731,-77.4992
Swine,1,Greene,35.4125,-77.8058
Swine,1,Greene,35.4633,-77.5578
Swine,2,Greene,35.5317,-77.7403
Swine,1,Greene,35.4556,-77.5236
Swine,1,Greene,35.5,-77.7717
Swine,1,Greene,35.497062,-77.77155
Swine,1,Greene,35.4386,-77.4831
Swine,1,Greene,35.4842,-77.6583
Swine,1,Greene,35.453608,-77.515213
Swine,1,Greene,35.5486,-77.7917
Swine,1,Greene,35.4215,-77.6995
Swine,3,Guilford,36.0667,-79.7267
Swine,2,Guilford,35.9161,-79.5625
Swine,2,Halifax,36.1967,-77.9306
Swine,1,Halifax,36.1697,-77.4272
Swine,1,Halifax,36.074517,-77.504862
Swine,1,Halifax,36.0808,-77.4953
Swine,2,Halifax,36.2375,-77.4097
Swine,2,Halifax,36.10079,-77.39445
Swine,1,Halifax,36.225807,-77.49977
Swine,2,Halifax,36.17819,-77.572891
Swine,2,Halifax,36.09983,-77.37991
Swine,1,Harnett,35.389799,-78.887181
Swine,1,Harnett,35.389799,-78.887181
Swine,2,Harnett,35.326079,-78.970495
Swine,2,Harnett,35.295981,-78.939447
Swine,1,Harnett,35.209808,-79.129535
Swine,1,Harnett,35.209808,-79.129535
Swine,2,Harnett,35.256525,-79.155624
Swine,1,Harnett,35.256416,-78.60824
Swine,1,Harnett,35.256416,-78.60824
Swine,1,Harnett,35.434735,-78.867717
Swine,1,Harnett,35.434735,-78.867717
Swine,2,Harnett,35.415255,-78.640425
Swine,2,Harnett,35.322333,-78.943123
Swine,1,Harnett,35.360084,-78.87369
Swine,1,Hertford,36.263051,-76.728872
Swine,1,Hertford,36.359873,-77.073765
Swine,2,Hertford,36.289694,-76.897024
Swine,2,Hertford,36.305346,-77.149872
Swine,4,Hertford,36.370496,-77.104805
Swine,1,Hertford,36.2917,-76.75
Swine,1,Hoke,34.871336,-79.302844
Swine,1,Hoke,34.990383,-79.201902
Swine,1,Hoke,35.03112,-79.331069
Swine,1,Hoke,34.941311,-79.321647
Swine,1,Hoke,34.9985,-79.389475
Swine,1,Hoke,34.848488,-79.2939
Swine,1,Hoke,34.959891,-79.178894
Swine,1,Hoke,34.911666,-79.304036
Swine,2,Hoke,34.8878,-79.318627
Swine,1,Hoke,35.019994,-79.379233
Swine,1,Hoke,34.880166,-79.318877
Swine,1,Hoke,34.914505,-79.3175
Swine,1,Hoke,35.003227,-79.318591
Swine,0,Hyde,35.658175,-76.58175
Swine,4,Johnston,35.694323,-78.266475
Swine,4,Johnston,35.694323,-78.266475
Swine,4,Johnston,35.694323,-78.266475
Swine,4,Johnston,35.694323,-78.266475
Swine,4,Johnston,35.2958,-78.4361
Swine,4,Johnston,35.2958,-78.4361
Swine,4,Johnston,35.2958,-78.4361
Swine,2,Johnston,35.328857,-78.30552
Swine,2,Johnston,35.5958,-78.368
Swine,2,Johnston,35.5958,-78.368
Swine,5,Johnston,35.497472,-78.548977
Swine,2,Johnston,35.5044,-78.5503
Swine,1,Johnston,35.4167,-78.595486
Swine,5,Johnston,35.7892,-78.2653
Swine,1,Johnston,35.2989,-78.3033
Swine,1,Johnston,35.2878,-78.32
Swine,1,Johnston,35.2986,-78.3936
Swine,1,Johnston,35.39191,-78.374855
Swine,2,Johnston,35.3775,-78.4156
Swine,1,Johnston,35.385694,-78.177169
Swine,1,Johnston,35.423767,-78.177866
Swine,1,Johnston,35.3214,-78.289
Swine,1,Johnston,35.364269,-78.385651
Swine,1,Johnston,35.3683,-78.3206
Swine,1,Johnston,35.291383,-78.315679
Swine,3,Johnston,35.5544,-78.3483
Swine,2,Johnston,35.4767,-78.4633
Swine,2,Johnston,35.338583,-78.239703
Swine,2,Johnston,35.338583,-78.239703
Swine,4,Johnston,35.5444,-78.3379
Swine,2,Johnston,35.372244,-78.469808
Swine,1,Johnston,35.354057,-78.437511
Swine,2,Johnston,35.3526,-78.3416
Swine,1,Johnston,35.2925,-78.3153
Swine,2,Johnston,35.283841,-78.418873
Swine,3,Johnston,35.3497,-78.3811
Swine,1,Johnston,35.293,-78.3487
Swine,1,Johnston,35.4153,-78.5511
Swine,1,Johnston,35.4153,-78.5511
Swine,2,Johnston,35.670666,-78.514883
Swine,2,Johnston,35.670666,-78.514883
Swine,4,Johnston,35.7683,-78.2433
Swine,2,Johnston,35.348672,-78.290888
Swine,,Johnston,35.286416,-78.367926
Swine,1,Johnston,35.292417,-78.310911
Swine,2,Johnston,35.2722,-78.3742
Swine,1,Johnston,35.4042,-78.4222
Swine,2,Johnston,35.5269,-78.1548
Swine,1,Johnston,35.337392,-78.493216
Swine,1,Johnston,35.3264,-78.4264
Swine,1,Johnston,35.4392,-78.5172
Swine,1,Johnston,35.3373,-78.2688
Swine,1,Johnston,35.518516,-78.536142
Swine,1,Johnston,35.3067,-78.3469
Swine,1,Johnston,35.4611,-78.2861
Swine,1,Johnston,35.2814,-78.34
Swine,1,Johnston,35.4505,-78.2535
Swine,,Johnston,35.348828,-78.381667
Swine,1,Jones,35.063799,-77.527289
Swine,3,Jones,35.0714,-77.2528
Swine,3,Jones,35.0714,-77.2528
Swine,3,Jones,35.014302,-77.597362
Swine,2,Jones,34.9894,-77.5125
Swine,1,Jones,35.2,-77.5
Swine,2,Jones,35.053766,-77.54173
Swine,2,Jones,35.125,-77.5319
Swine,2,Jones,35.0494,-77.2631
Swine,1,Jones,35.0036,-77.7214
Swine,1,Jones,35.0125,-77.6142
Swine,2,Jones,35.032295,-77.644397
Swine,1,Jones,35.005779,-77.469773
Swine,1,Jones,34.9181,-77.3708
Swine,2,Jones,35.1664,-77.4706
Swine,2,Jones,34.9897,-77.6872
Swine,4,Jones,35.0967,-77.5653
Swine,2,Jones,35.011976,-77.554121
Swine,1,Jones,35.0022,-77.7119
Swine,1,Jones,35.1394,-77.4744
Swine,1,Jones,34.993099,-77.56488
Swine,2,Jones,35.1614,-77.5106
Swine,1,Jones,34.942133,-77.319522
Swine,1,Jones,35.038419,-77.630019
Swine,1,Jones,35.080569,-77.575784
Swine,1,Jones,34.9917,-77.2917
Swine,1,Jones,35.0036,-77.6492
Swine,2,Jones,35.0386,-77.6156
Swine,2,Jones,35.0386,-77.6156
Swine,1,Jones,34.925958,-77.372446
Swine,1,Jones,35.0081,-77.5878
Swine,1,Jones,34.997188,-77.603148
Swine,2,Jones,35.0114,-77.3289
Swine,2,Jones,35.1064,-77.4
Swine,1,Jones,34.9814,-77.6769
Swine,4,Jones,34.9806,-77.2889
Swine,4,Jones,34.9806,-77.2889
Swine,4,Jones,34.9806,-77.2889
Swine,1,Jones,35.0392,-77.2994
Swine,2,Jones,35.1417,-77.4417
Swine,2,Jones,35.1417,-77.4417
Swine,3,Jones,35.1278,-77.3411
Swine,1,Jones,35.2011,-77.4767
Swine,6,Jones,35.05,-77.4383
Swine,6,Jones,35.05,-77.4383
Swine,6,Jones,35.05,-77.4383
Swine,1,Jones,35.0686,-77.445
Swine,1,Jones,34.8167,-77.1
Swine,1,Jones,34.8167,-77.1
Swine,1,Lee,35.3386,-79.2175
Swine,8,Lenoir,35.1028,-77.675322
Swine,4,Lenoir,35.1614,-77.68137
Swine,6,Lenoir,35.0437,-77.687272
Swine,2,Lenoir,35.1715,-77.66937
Swine,2,Lenoir,35.1952,-77.803781
Swine,1,Lenoir,35.1068,-77.572836
Swine,3,Lenoir,35.2065,-77.785869
Swine,3,Lenoir,35.2762,-77.823617
Swine,1,Lenoir,35.1101,-77.74995
Swine,1,Lenoir,35.18,-77.819277
Swine,2,Lenoir,35.1817,-77.613714
Swine,2,Lenoir,35.2459,-77.795681
Swine,2,Lenoir,35.0317,-77.721622
Swine,1,Lenoir,35.1072,-77.678492
Swine,1,Lenoir,35.1938,-77.69627
Swine,2,Lenoir,35.0781,-77.6528
Swine,1,Lenoir,35.148547,-77.679818
Swine,2,Lenoir,35.1552,-77.643475
Swine,2,Lenoir,35.3602,-77.49934
Swine,1,Lenoir,35.1193,-77.58134
Swine,2,Lenoir,35.1793,-77.797182
Swine,1,Lenoir,35.0774,-77.645961
Swine,1,Lenoir,35.0743,-77.65997
Swine,1,Lenoir,35.1334,-77.727481
Swine,1,Lenoir,35.1736,-77.789983
Swine,1,Lenoir,35.3133,-77.46897
Swine,2,Lenoir,35.1982,-77.81812
Swine,1,Lenoir,35.2836,-77.8228
Swine,1,Lenoir,35.1541,-77.579589
Swine,1,Lenoir,35.288,-77.82725
Swine,1,Lenoir,35.2414,-77.76829
Swine,1,Lenoir,35.1166,-77.630926
Swine,1,Lenoir,35.0544,-77.6747
Swine,2,Lenoir,35.3178,-77.450919
Swine,2,Lenoir,35.0566,-77.715494
Swine,1,Lenoir,35.2279,-77.657264
Swine,2,Lenoir,35.1143,-77.665059
Swine,1,Lenoir,35.1221,-77.65184
Swine,1,Lenoir,35.1591,-77.72359
Swine,1,Lenoir,35.1358,-77.664059
Swine,1,Lenoir,35.0751,-77.708511
Swine,1,Lenoir,35.0657,-77.723044
Swine,1,Lenoir,35.1184,-77.71169
Swine,1,Lenoir,35.2459,-77.802633
Swine,2,Lenoir,35.068941,-77.60723
Swine,1,Lenoir,35.1879,-77.72738
Swine,2,Lenoir,35.1833,-77.69798
Swine,2,Lenoir,35.1692,-77.705733
Swine,2,Lenoir,35.1306,-77.704104
Swine,5,Lenoir,35.1379,-77.666883
Swine,1,Lenoir,35.0993,-77.659081
Swine,1,Lenoir,35.0752,-77.673764
Swine,1,Lenoir,35.1422,-77.67927
Swine,1,Lenoir,35.1144,-77.59008
Swine,1,Lenoir,35.135,-77.76255
Swine,1,Lenoir,35.1884,-77.82282
Swine,1,Lenoir,35.1826,-77.827856
Swine,1,Lenoir,35.255,-77.822606
Swine,3,Lenoir,35.0888,-77.70691
Swine,1,Lenoir,35.3694,-77.619475
Swine,1,Lenoir,35.2765,-77.460614
Swine,1,Lenoir,35.0994,-77.6667
Swine,1,Lenoir,35.1813,-77.82763
Swine,1,Lenoir,35.0509,-77.6606
Swine,2,Lenoir,35.164538,-77.799262
Swine,2,Lenoir,35.132,-77.673877
Swine,1,Lenoir,35.0734,-77.685467
Swine,1,Lenoir,35.1315,-77.59586
Swine,2,Martin,35.836863,-77.221698
Swine,2,Martin,35.8783,-77.138489
Swine,2,Montgomery,35.441603,-79.852234
Swine,2,Montgomery,35.219273,-79.920948
Swine,2,Montgomery,35.200845,-79.70309
Swine,3,Moore,35.324344,-79.635713
Swine,8,Moore,35.46908,-79.6475
Swine,8,Moore,35.46908,-79.6475
Swine,3,Moore,35.451186,-79.475536
Swine,2,Moore,35.474744,-79.594513
Swine,1,Moore,35.348368,-79.54136
Swine,2,Moore,35.317805,-79.625661
Swine,3,Moore,35.321075,-79.640622
Swine,2,Moore,35.325533,-79.645658
Swine,2,Moore,35.400741,-79.452463
Swine,2,Nash,36.1,-77.9583
Swine,2,Nash,36.046542,-77.990785
Swine,1,Nash,36.1056,-78.0167
Swine,1,Nash,36.0147,-78.0961
Swine,2,Nash,35.7647,-78.2278
Swine,1,Nash,36.0008,-78.0839
Swine,2,Nash,35.931487,-77.945636
Swine,2,Nash,35.8568,-78.1358
Swine,4,Nash,35.7672,-78.2361
Swine,4,Nash,35.7672,-78.2361
Swine,1,Nash,35.9022,-77.9617
Swine,3,Northampton,36.4958,-77.4711
Swine,2,Northampton,36.488599,-77.495467
Swine,1,Northampton,36.4772,-77.1353
Swine,2,Northampton,36.320323,-77.357719
Swine,3,Northampton,36.3544,-77.3356
Swine,2,Northampton,36.49,-77.3981
Swine,2,Northampton,36.3433,-77.4272
Swine,1,Northampton,36.44,-77.3633
Swine,1,Northampton,36.3983,-77.2731
Swine,1,Northampton,36.374509,-77.277254
Swine,2,Northampton,36.3647,-77.2647
Swine,2,Northampton,36.3181,-77.2514
Swine,3,Northampton,36.3306,-77.3583
Swine,3,Northampton,36.2481,-77.2178
Swine,3,Northampton,36.2481,-77.2178
Swine,3,Onslow,34.8603,-77.5906
Swine,2,Onslow,34.84017,-77.274138
Swine,1,Onslow,34.8389,-77.4967
Swine,1,Onslow,34.9128,-77.5461
Swine,1,Onslow,34.9347,-77.5644
Swine,1,Onslow,34.8964,-77.6108
Swine,1,Onslow,34.9269,-77.5603
Swine,2,Onslow,34.979573,-77.647225
Swine,2,Onslow,34.979573,-77.647225
Swine,1,Onslow,34.9139,-77.62
Swine,1,Onslow,34.9708,-77.6375
Swine,1,Onslow,34.9319,-77.5381
Swine,1,Onslow,34.9075,-77.5169
Swine,1,Onslow,34.8033,-77.6467
Swine,1,Onslow,34.8181,-77.4792
Swine,3,Onslow,34.92998,-77.621219
Swine,1,Onslow,34.6636,-77.6186
Swine,1,Onslow,34.6636,-77.6186
Swine,1,Onslow,34.6636,-77.6186
Swine,1,Onslow,34.9725,-77.6714
Swine,1,Onslow,34.68,-77.5617
Swine,1,Onslow,34.7633,-77.6056
Swine,1,Onslow,34.8133,-77.6683
Swine,4,Onslow,34.823485,-77.485023
Swine,1,Onslow,34.8272,-77.6306
Swine,1,Onslow,34.948989,-77.552439
Swine,1,Onslow,34.9353,-77.5389
Swine,1,Onslow,34.9564,-77.5494
Swine,1,Onslow,34.7208,-77.5319
Swine,1,Onslow,34.6503,-77.6094
Swine,1,Onslow,34.7872,-77.6261
Swine,2,Onslow,34.792999,-77.570315
Swine,1,Onslow,34.9119,-77.5172
Swine,2,Onslow,34.7508,-77.6614
Swine,1,Onslow,34.7386,-77.5333
Swine,1,Onslow,34.9525,-77.5778
Swine,2,Onslow,34.8267,-77.6267
Swine,1,Onslow,34.8736,-77.6453
Swine,1,Onslow,34.6386,-77.6111
Swine,1,Onslow,34.5269,-77.5919
Swine,3,Onslow,34.8822,-77.5689
Swine,1,Onslow,34.8989,-77.6211
Swine,4,Onslow,34.8086,-77.2006
Swine,2,Onslow,34.8192,-77.6625
Swine,1,Onslow,34.9192,-77.6375
Swine,1,Onslow,34.8403,-77.4272
Swine,2,Onslow,34.892645,-77.620407
Swine,1,Onslow,34.7258,-77.5678
Swine,1,Onslow,34.9103,-77.6042
Swine,1,Onslow,34.8033,-77.6314
Swine,1,Onslow,34.7464,-77.6239
Swine,1,Onslow,34.9431,-77.6106
Swine,1,Onslow,34.766264,-77.657671
Swine,1,Onslow,34.9236,-77.6044
Swine,2,Orange,36.2292,-79.0625
Swine,2,Pasquotank,36.4236,-76.3542
Swine,1,Pasquotank,36.2503,-76.2097
Swine,2,Pender,34.7139,-77.7236
Swine,2,Pender,34.687644,-77.664202
Swine,1,Pender,34.605,-77.9825
Swine,3,Pender,34.659743,-78.068863
Swine,1,Pender,34.655438,-78.029041
Swine,2,Pender,34.648402,-78.130436
Swine,1,Pender,34.615669,-77.939896
Swine,1,Pender,34.615669,-77.939896
Swine,1,Pender,34.615669,-77.939896
Swine,1,Pender,34.6669,-78.0164
Swine,1,Pender,34.69476,-77.70339
Swine,2,Pender,34.7106,-77.9428
Swine,1,Pender,34.5717,-78.0572
Swine,2,Pender,34.6333,-78.15
Swine,1,Pender,34.676294,-78.072767
Swine,2,Pender,34.6381,-78.0514
Swine,1,Pender,34.6452,-78.1373
Swine,2,Pender,34.525724,-78.146632
Swine,1,Pender,34.6642,-77.9269
Swine,2,Pender,34.4444,-77.9606
Swine,2,Pender,34.4931,-78.1639
Swine,1,Pender,34.4917,-77.9639
Swine,2,Pender,34.453066,-77.958058
Swine,1,Pender,34.473138,-77.851604
Swine,1,Pender,34.515964,-78.013989
Swine,2,Pender,34.582057,-78.007546
Swine,1,Pender,34.4928,-78.1408
Swine,1,Pender,34.62,-78.1044
Swine,2,Pender,34.704857,-77.99223
Swine,1,Pender,34.6431,-77.9519
Swine,1,Pender,34.6042,-77.9689
Swine,1,Pender,34.582087,-77.938011
Swine,1,Pender,34.561192,-78.179587
Swine,1,Pender,34.552039,-78.037408
Swine,2,Pender,34.6725,-77.9611
Swine,1,Pender,34.484102,-78.048355
Swine,1,Pender,34.693892,-77.985361
Swine,1,Pender,34.695,-77.7342
Swine,2,Pender,34.5911,-78.1575
Swine,2,Pender,34.5911,-78.1575
Swine,2,Pender,34.5911,-78.1575
Swine,1,Pender,34.5,-77.9917
Swine,1,Pender,34.5925,-78.1428
Swine,1,Pender,34.5925,-78.1428
Swine,1,Pender,34.5925,-78.1428
Swine,1,Pender,34.6258,-77.9481
Swine,1,Pender,34.6131,-77.8317
Swine,1,Pender,34.6,-77.9067
Swine,1,Pender,34.45,-78.0292
Swine,3,Pender,34.7083,-78.0833
Swine,2,Pender,34.6511,-78.1411
Swine,1,Pender,34.5728,-78.0742
Swine,1,Pender,34.44276,-77.765691
Swine,1,Pender,34.670825,-77.971353
Swine,2,Pender,34.5325,-77.8667
Swine,1,Pender,34.7083,-78.0833
Swine,1,Pender,34.5797,-78.085
Swine,1,Pender,34.5019,-78.1703
Swine,1,Pender,34.6686,-77.9636
Swine,2,Pender,34.652137,-78.095868
Swine,2,Pender,34.652137,-78.095868
Swine,2,Pender,34.652137,-78.095868
Swine,1,Pender,34.6431,-78.1228
Swine,4,Perquimans,36.1089,-76.4794
Swine,4,Perquimans,36.1089,-76.4794
Swine,4,Perquimans,36.1089,-76.4794
Swine,2,Perquimans,36.2475,-76.5542
Swine,2,Perquimans,36.2475,-76.5542
Swine,1,Perquimans,36.3411,-76.5197
Swine,2,Person,36.3372,-78.845
Swine,2,Person,36.3372,-78.845
Swine,2,Person,36.3253,-79.0053
Swine,2,Person,36.3253,-79.0053
Swine,2,Person,36.3253,-79.0053
Swine,1,Person,36.3214,-78.8833
Swine,1,Person,36.265,-79.0122
Swine,1,Person,36.4247,-78.9142
Swine,1,Person,36.4247,-78.9142
Swine,5,Pitt,35.3994,-77.3506
Swine,1,Pitt,35.6885,-77.5504
Swine,1,Pitt,35.7408,-77.37902
Swine,3,Pitt,35.4858,-77.495872
Swine,1,Pitt,35.5405,-77.469289
Swine,1,Pitt,35.5212,-77.250548
Swine,1,Pitt,35.5471,-77.17735
Swine,2,Pitt,35.5293,-77.24615
Swine,2,Pitt,35.4757,-77.280296
Swine,1,Pitt,35.443035,-77.254873
Swine,1,Pitt,35.4686,-77.293328
Swine,3,Pitt,35.5994,-77.547789
Swine,1,Pitt,35.4213,-77.357386
Swine,1,Pitt,35.5316,-77.212539
Swine,2,Pitt,35.5578,-77.218633
Swine,2,Pitt,35.5182,-77.21278
Swine,1,Pitt,35.4392,-77.298581
Swine,1,Pitt,35.4628,-77.245761
Swine,1,Pitt,35.5717,-77.214719
Swine,1,Pitt,35.5133,-77.265367
Swine,1,Pitt,35.5356,-77.182633
Swine,1,Pitt,35.7244,-77.569477
Swine,2,Pitt,35.6296,-77.589396
Swine,1,Pitt,35.7448,-77.285547
Swine,1,Pitt,35.5368,-77.24484
Swine,1,Pitt,35.3666,-77.31802
Swine,2,Pitt,35.4028,-77.297383
Swine,2,Pitt,35.4074,-77.32543
Swine,1,Pitt,35.4253,-77.315733
Swine,2,Pitt,35.4209,-77.261906
Swine,1,Pitt,35.6849,-77.631889
Swine,4,Pitt,35.6131,-77.65016
Swine,4,Pitt,35.6131,-77.65016
Swine,1,Pitt,35.4454,-77.239761
Swine,1,Pitt,35.6394,-77.67607
Swine,1,Pitt,35.5164,-77.242211
Swine,1,Pitt,35.733,-77.442768
Swine,1,Pitt,35.4106,-77.25542
Swine,1,Pitt,35.4586,-77.328572
Swine,1,Pitt,35.525,-77.185781
Swine,1,Pitt,35.6437,-77.59196
Swine,1,Pitt,35.6465,-77.58801
Swine,1,Pitt,35.4054,-77.22048
Swine,1,Pitt,35.471,-77.325167
Swine,1,Pitt,35.5283,-77.174836
Swine,1,Pitt,35.5407,-77.170136
Swine,1,Pitt,35.8039,-77.435944
Swine,1,Pitt,35.756,-77.345144
Swine,2,Randolph,35.6208,-79.6153
Swine,4,Randolph,35.5639,-79.6931
Swine,1,Randolph,35.6328,-79.575
Swine,1,Randolph,35.6328,-79.575
Swine,1,Randolph,35.6992,-79.6233
Swine,1,Randolph,35.8303,-79.8917
Swine,3,Randolph,35.775,-79.5964
Swine,3,Richmond,35.089817,-79.787142
Swine,1,Richmond,34.971361,-79.631233
Swine,1,Richmond,34.971361,-79.631233
Swine,1,Richmond,35.102819,-79.9883
Swine,2,Richmond,35.133706,-79.798583
Swine,2,Richmond,35.076925,-79.791964
Swine,1,Richmond,34.825883,-79.648636
Swine,2,Richmond,35.11705,-79.721867
Swine,1,Richmond,35.009406,-79.710894
Swine,1,Richmond,35.120261,-79.607281
Swine,1,Richmond,35.8739,-79.8206
Swine,1,Richmond,34.960864,-79.624617
Swine,1,Richmond,34.942814,-79.62795
Swine,1,Robeson,34.8298,-79.271278
Swine,1,Robeson,34.652847,-79.363381
Swine,1,Robeson,34.815175,-79.22415
Swine,1,Robeson,34.833453,-79.145228
Swine,1,Robeson,34.600053,-79.377925
Swine,2,Robeson,34.825428,-78.943675
Swine,2,Robeson,34.825428,-78.943675
Swine,2,Robeson,34.825428,-78.943675
Swine,1,Robeson,34.507897,-79.190111
Swine,1,Robeson,34.54525,-79.208794
Swine,1,Robeson,34.513906,-79.228247
Swine,1,Robeson,34.432219,-79.216078
Swine,1,Robeson,34.436486,-79.187742
Swine,1,Robeson,34.63885,-79.436017
Swine,2,Robeson,34.380206,-79.085872
Swine,1,Robeson,34.746594,-78.956739
Swine,1,Robeson,34.643167,-79.424869
Swine,1,Robeson,34.864336,-79.127033
Swine,1,Robeson,34.502811,-79.214233
Swine,1,Robeson,34.614917,-79.364689
Swine,1,Robeson,34.450056,-79.202408
Swine,3,Robeson,34.359981,-79.080517
Swine,1,Robeson,34.605803,-79.324092
Swine,1,Robeson,34.663386,-78.855461
Swine,1,Robeson,34.819406,-79.298228
Swine,1,Robeson,34.400117,-79.031806
Swine,1,Robeson,34.482286,-78.995794
Swine,1,Robeson,34.537992,-79.316325
Swine,2,Robeson,34.835858,-78.918181
Swine,2,Robeson,34.378431,-79.140328
Swine,1,Robeson,34.442981,-79.167694
Swine,1,Robeson,34.639692,-79.311294
Swine,1,Robeson,34.556811,-79.320242
Swine,1,Robeson,34.521639,-79.206414
Swine,1,Robeson,34.693547,-79.3788
Swine,1,Robeson,34.412647,-79.03845
Swine,1,Robeson,34.902158,-78.978691
Swine,1,Robeson,34.926703,-79.053233
Swine,1,Robeson,34.616589,-78.859472
Swine,2,Robeson,34.789342,-79.012822
Swine,1,Robeson,34.78055,-79.280308
Swine,1,Robeson,34.437667,-79.161942
Swine,1,Robeson,34.751078,-79.149075
Swine,1,Robeson,34.751078,-79.149075
Swine,1,Robeson,34.693053,-79.342
Swine,4,Robeson,34.624506,-79.390653
Swine,1,Robeson,34.452944,-79.128642
Swine,1,Robeson,34.471731,-79.230856
Swine,1,Robeson,34.468236,-79.235828
Swine,1,Robeson,34.484069,-79.228192
Swine,1,Robeson,34.745044,-78.917589
Swine,3,Robeson,34.697453,-79.328994
Swine,1,Robeson,34.465586,-79.244253
Swine,2,Rockingham,36.421947,-79.821325
Swine,2,Rockingham,36.2731,-79.6161
Swine,2,Rowan,35.669319,-80.37289
Swine,1,Sampson,35.061044,-78.573733
Swine,2,Sampson,35.079011,-78.262294
Swine,2,Sampson,34.87642,-78.46858
Swine,3,Sampson,34.841025,-78.195061
Swine,6,Sampson,34.818638,-78.21666
Swine,1,Sampson,34.911041,-78.497657
Swine,5,Sampson,34.707683,-78.237938
Swine,5,Sampson,35.23293,-78.323372
Swine,5,Sampson,35.23293,-78.323372
Swine,2,Sampson,35.053366,-78.215205
Swine,2,Sampson,34.910183,-78.198888
Swine,1,Sampson,35.005394,-78.402063
Swine,1,Sampson,35.199114,-78.251505
Swine,1,Sampson,35.065069,-78.458086
Swine,1,Sampson,34.9454,-78.232719
Swine,2,Sampson,35.086484,-78.202006
Swine,1,Sampson,35.057061,-78.286508
Swine,1,Sampson,34.9624,-78.176719
Swine,1,Sampson,35.020527,-78.258875
Swine,3,Sampson,34.747738,-78.231486
Swine,1,Sampson,34.725155,-78.333272
Swine,2,Sampson,34.869797,-78.273688
Swine,2,Sampson,34.768025,-78.247361
Swine,1,Sampson,34.893916,-78.456755
Swine,1,Sampson,34.676142,-78.215322
Swine,1,Sampson,35.031189,-78.363875
Swine,1,Sampson,34.960405,-78.170441
Swine,2,Sampson,34.954292,-78.241102
Swine,1,Sampson,34.650147,-78.301391
Swine,3,Sampson,35.113408,-78.426333
Swine,1,Sampson,34.688263,-78.180858
Swine,2,Sampson,35.140816,-78.472502
Swine,1,Sampson,34.918169,-78.313866
Swine,3,Sampson,35.144411,-78.263377
Swine,3,Sampson,35.144411,-78.263377
Swine,1,Sampson,34.945583,-78.156316
Swine,1,Sampson,35.200558,-78.402786
Swine,3,Sampson,34.82633,-78.268677
Swine,2,Sampson,34.893419,-78.343058
Swine,1,Sampson,34.945919,-78.561236
Swine,1,Sampson,34.942966,-78.327516
Swine,3,Sampson,35.057755,-78.489938
Swine,1,Sampson,34.828975,-78.422633
Swine,2,Sampson,35.124922,-78.204442
Swine,1,Sampson,35.153827,-78.251475
Swine,2,Sampson,35.084158,-78.271872
Swine,2,Sampson,35.084158,-78.271872
Swine,2,Sampson,35.015522,-78.367883
Swine,1,Sampson,34.971797,-78.261291
Swine,1,Sampson,35.052836,-78.414197
Swine,1,Sampson,35.133108,-78.505519
Swine,2,Sampson,35.218236,-78.358683
Swine,2,Sampson,35.218236,-78.358683
Swine,2,Sampson,35.218236,-78.358683
Swine,2,Sampson,35.1138,-78.285463
Swine,2,Sampson,34.947375,-78.393583
Swine,2,Sampson,34.820805,-78.404236
Swine,1,Sampson,35.091933,-78.5597
Swine,2,Sampson,35.024211,-78.454947
Swine,1,Sampson,34.884905,-78.250152
Swine,6,Sampson,34.866922,-78.189213
Swine,2,Sampson,35.155972,-78.400119
Swine,4,Sampson,34.950247,-78.368911
Swine,4,Sampson,35.122205,-78.492827
Swine,1,Sampson,35.216161,-78.52493
Swine,2,Sampson,35.063672,-78.260161
Swine,2,Sampson,35.110047,-78.334152
Swine,2,Sampson,35.128738,-78.268916
Swine,2,Sampson,35.103125,-78.253847
Swine,1,Sampson,35.165155,-78.495897
Swine,1,Sampson,34.857469,-78.259211
Swine,2,Sampson,35.157627,-78.213786
Swine,1,Sampson,35.029413,-78.257447
Swine,2,Sampson,35.04808,-78.259775
Swine,1,Sampson,35.170761,-78.340536
Swine,2,Sampson,35.206019,-78.321011
Swine,1,Sampson,35.160558,-78.443755
Swine,1,Sampson,35.063052,-78.426333
Swine,1,Sampson,34.876325,-78.308205
Swine,1,Sampson,35.008583,-78.446711
Swine,1,Sampson,34.633913,-78.219686
Swine,1,Sampson,35.167463,-78.502125
Swine,2,Sampson,34.946275,-78.207386
Swine,1,Sampson,34.863211,-78.2688
Swine,1,Sampson,35.168972,-78.433202
Swine,3,Sampson,34.914686,-78.29793
Swine,1,Sampson,35.127869,-78.412788
Swine,2,Sampson,34.876038,-78.275555
Swine,1,Sampson,35.133438,-78.477533
Swine,1,Sampson,34.876658,-78.303444
Swine,2,Sampson,34.981477,-78.163125
Swine,1,Sampson,35.126217,-78.296514
Swine,1,Sampson,34.944211,-78.396286
Swine,1,Sampson,35.094889,-78.256578
Swine,1,Sampson,35.233688,-78.400047
Swine,2,Sampson,34.839036,-78.223655
Swine,2,Sampson,34.839036,-78.223655
Swine,2,Sampson,34.839036,-78.223655
Swine,1,Sampson,35.041283,-78.278372
Swine,1,Sampson,35.102286,-78.434222
Swine,1,Sampson,34.866238,-78.336297
Swine,1,Sampson,35.0845,-78.460292
Swine,1,Sampson,34.809119,-78.345675
Swine,1,Sampson,34.869727,-78.452088
Swine,2,Sampson,34.844958,-78.412806
Swine,1,Sampson,34.83895,-78.339738
Swine,2,Sampson,34.880494,-78.342133
Swine,1,Sampson,34.793608,-78.275555
Swine,1,Sampson,34.793608,-78.275555
Swine,1,Sampson,34.793608,-78.275555
Swine,2,Sampson,34.692025,-78.338267
Swine,2,Sampson,34.692025,-78.338267
Swine,2,Sampson,34.692025,-78.338267
Swine,1,Sampson,34.899091,-78.223441
Swine,1,Sampson,35.066822,-78.218111
Swine,2,Sampson,34.929424,-78.547755
Swine,1,Sampson,34.919256,-78.526344
Swine,1,Sampson,34.824497,-78.435888
Swine,3,Sampson,35.108919,-78.621833
Swine,1,Sampson,35.137619,-78.492144
Swine,2,Sampson,35.129314,-78.362256
Swine,2,Sampson,35.119063,-78.458055
Swine,2,Sampson,35.119063,-78.458055
Swine,2,Sampson,35.080911,-78.391363
Swine,1,Sampson,34.906958,-78.33758
Swine,4,Sampson,34.750425,-78.249397
Swine,4,Sampson,34.750425,-78.249397
Swine,4,Sampson,34.750425,-78.249397
Swine,2,Sampson,35.117086,-78.368047
Swine,3,Sampson,35.090805,-78.607555
Swine,1,Sampson,35.204991,-78.182586
Swine,1,Sampson,35.240255,-78.29143
Swine,1,Sampson,35.083344,-78.427588
Swine,1,Sampson,35.108847,-78.413719
Swine,3,Sampson,34.960713,-78.415997
Swine,1,Sampson,34.757302,-78.330761
Swine,1,Sampson,35.153327,-78.318566
Swine,1,Sampson,35.164083,-78.324188
Swine,1,Sampson,35.141017,-78.3455
Swine,1,Sampson,34.933299,-78.475666
Swine,1,Sampson,35.003086,-78.197536
Swine,1,Sampson,35.122242,-78.358497
Swine,1,Sampson,35.130194,-78.225744
Swine,1,Sampson,34.90988,-78.283166
Swine,1,Sampson,35.087561,-78.249452
Swine,2,Sampson,34.932827,-78.423061
Swine,1,Sampson,35.089922,-78.269952
Swine,1,Sampson,34.723905,-78.251286
Swine,1,Sampson,35.119002,-78.395622
Swine,3,Sampson,35.047188,-78.302744
Swine,1,Sampson,34.93734,-78.315006
Swine,1,Sampson,34.92335,-78.400713
Swine,1,Sampson,34.881391,-78.207197
Swine,1,Sampson,35.132269,-78.35715
Swine,2,Sampson,34.861802,-78.284808
Swine,1,Sampson,35.005508,-78.464769
Swine,3,Sampson,34.826177,-78.207166
Swine,4,Sampson,35.109211,-78.303333
Swine,4,Sampson,35.109211,-78.303333
Swine,1,Sampson,35.165847,-78.438066
Swine,1,Sampson,34.99805,-78.264236
Swine,1,Sampson,34.997544,-78.261325
Swine,1,Sampson,34.877133,-78.270747
Swine,6,Sampson,35.152794,-78.271369
Swine,1,Sampson,35.125692,-78.25425
Swine,1,Sampson,34.826069,-78.228939
Swine,2,Sampson,35.101408,-78.267947
Swine,2,Sampson,35.045,-78.4394
Swine,2,Sampson,34.891011,-78.281747
Swine,6,Sampson,35.2005,-78.564799
Swine,1,Sampson,35.169933,-78.384697
Swine,1,Sampson,35.026519,-78.5186
Swine,2,Sampson,35.152311,-78.373088
Swine,1,Sampson,35.212805,-78.257122
Swine,1,Sampson,34.905227,-78.313136
Swine,3,Sampson,35.231363,-78.281555
Swine,2,Sampson,34.925755,-78.269822
Swine,2,Sampson,34.803041,-78.419111
Swine,2,Sampson,34.823958,-78.441639
Swine,2,Sampson,34.823958,-78.441639
Swine,1,Sampson,34.845069,-78.379272
Swine,2,Sampson,34.969301,-78.404441
Swine,1,Sampson,34.928338,-78.359775
Swine,1,Sampson,34.935058,-78.358422
Swine,1,Sampson,34.845438,-78.355986
Swine,1,Sampson,34.668,-78.198588
Swine,3,Sampson,34.698355,-78.172597
Swine,1,Sampson,34.867694,-78.325011
Swine,1,Sampson,34.948228,-78.5431
Swine,2,Sampson,34.944783,-78.166994
Swine,1,Sampson,34.984416,-78.432794
Swine,2,Sampson,34.704311,-78.325877
Swine,1,Sampson,34.842003,-78.395361
Swine,1,Sampson,34.73418,-78.258891
Swine,3,Sampson,34.986438,-78.444994
Swine,1,Sampson,34.868994,-78.310906
Swine,1,Sampson,34.90698,-78.470169
Swine,2,Sampson,34.758111,-78.213291
Swine,3,Sampson,34.950813,-78.166933
Swine,1,Sampson,34.854783,-78.306675
Swine,1,Sampson,34.683813,-78.206444
Swine,1,Sampson,34.674513,-78.262855
Swine,1,Sampson,34.685861,-78.217555
Swine,2,Sampson,35.116189,-78.273403
Swine,1,Sampson,34.672491,-78.272236
Swine,2,Sampson,35.199416,-78.418822
Swine,4,Sampson,35.179519,-78.358555
Swine,1,Sampson,34.859825,-78.325036
Swine,1,Sampson,35.169955,-78.335302
Swine,2,Sampson,35.133767,-78.2446
Swine,2,Sampson,34.874681,-78.238792
Swine,1,Sampson,34.896011,-78.285524
Swine,1,Sampson,35.087816,-78.497088
Swine,1,Sampson,35.200566,-78.191991
Swine,1,Sampson,35.11755,-78.376244
Swine,3,Sampson,35.216722,-78.415733
Swine,1,Sampson,34.688622,-78.226314
Swine,1,Sampson,34.862847,-78.4724
Swine,1,Sampson,35.058867,-78.572969
Swine,2,Sampson,35.20943,-78.548075
Swine,1,Sampson,35.043608,-78.523381
Swine,1,Sampson,35.119197,-78.559294
Swine,1,Sampson,35.060516,-78.549066
Swine,1,Sampson,35.140152,-78.483355
Swine,3,Sampson,35.134591,-78.4503
Swine,2,Sampson,35.107686,-78.450802
Swine,2,Sampson,34.984819,-78.172811
Swine,1,Sampson,35.252088,-78.461472
Swine,2,Sampson,34.797994,-78.301333
Swine,2,Sampson,34.797994,-78.301333
Swine,2,Sampson,34.811452,-78.427383
Swine,2,Sampson,34.811452,-78.427383
Swine,,Sampson,35.180492,-78.450864
Swine,1,Sampson,34.829697,-78.198055
Swine,3,Sampson,35.187836,-78.53318
Swine,2,Sampson,34.78081,-78.249548
Swine,2,Sampson,35.113738,-78.4547
Swine,1,Sampson,34.783294,-78.287036
Swine,1,Sampson,35.088238,-78.332551
Swine,1,Sampson,34.643616,-78.268997
Swine,1,Sampson,34.884069,-78.227636
Swine,1,Sampson,34.947455,-78.45058
Swine,1,Sampson,35.135922,-78.36183
Swine,1,Sampson,35.166238,-78.281913
Swine,2,Sampson,35.092269,-78.300733
Swine,1,Sampson,35.089177,-78.397519
Swine,1,Sampson,35.122283,-78.371455
Swine,2,Sampson,34.917839,-78.345161
Swine,2,Sampson,35.104522,-78.446191
Swine,2,Sampson,35.013188,-78.572544
Swine,2,Sampson,34.808913,-78.185172
Swine,1,Sampson,34.75398,-78.326936
Swine,1,Sampson,35.085877,-78.206592
Swine,1,Sampson,34.820975,-78.17968
Swine,2,Sampson,34.842977,-78.469636
Swine,1,Sampson,35.150675,-78.392625
Swine,1,Sampson,34.839666,-78.46631
Swine,1,Sampson,34.837111,-78.46338
Swine,3,Sampson,34.681247,-78.286313
Swine,2,Sampson,35.137333,-78.190794
Swine,1,Sampson,34.940705,-78.458714
Swine,2,Sampson,35.109197,-78.374516
Swine,1,Sampson,35.275125,-78.542338
Swine,3,Sampson,34.752052,-78.358025
Swine,1,Sampson,34.692011,-78.197033
Swine,1,Sampson,34.895727,-78.36252
Swine,2,Sampson,34.706386,-78.144233
Swine,1,Sampson,34.947433,-78.251344
Swine,1,Sampson,35.058016,-78.311105
Swine,1,Sampson,34.892766,-78.523009
Swine,1,Sampson,35.098652,-78.492911
Swine,1,Sampson,35.083722,-78.243163
Swine,1,Sampson,35.133811,-78.529547
Swine,2,Sampson,35.193933,-78.173977
Swine,1,Sampson,34.800441,-78.36548
Swine,1,Sampson,35.0375,-78.1631
Swine,3,Sampson,34.928158,-78.151152
Swine,1,Sampson,34.908869,-78.315925
Swine,2,Sampson,35.056058,-78.447197
Swine,1,Sampson,35.118991,-78.469769
Swine,2,Sampson,35.093772,-78.407094
Swine,1,Sampson,34.749275,-78.245147
Swine,2,Sampson,34.892833,-78.287997
Swine,2,Sampson,34.907827,-78.220063
Swine,1,Sampson,34.727611,-78.177327
Swine,1,Sampson,34.699625,-78.283825
Swine,1,Sampson,34.699625,-78.283825
Swine,1,Sampson,34.602563,-78.278213
Swine,1,Sampson,34.602563,-78.278213
Swine,1,Sampson,35.073363,-78.601933
Swine,1,Sampson,34.950352,-78.469411
Swine,1,Sampson,34.932194,-78.43958
Swine,1,Sampson,34.894902,-78.206069
Swine,2,Sampson,34.671083,-78.314183
Swine,2,Sampson,34.672691,-78.307694
Swine,2,Sampson,34.681277,-78.314302
Swine,2,Sampson,34.679205,-78.319091
Swine,2,Sampson,34.665397,-78.312924
Swine,2,Sampson,34.664919,-78.303891
Swine,1,Sampson,34.84173,-78.323666
Swine,1,Sampson,34.850002,-78.48558
Swine,1,Sampson,34.850002,-78.48558
Swine,1,Sampson,35.0187,-78.542447
Swine,1,Sampson,35.005511,-78.436102
Swine,1,Sampson,35.065861,-78.311541
Swine,1,Sampson,35.057316,-78.308816
Swine,2,Sampson,35.0519,-78.445
Swine,1,Sampson,35.152411,-78.495375
Swine,1,Sampson,35.070091,-78.554119
Swine,1,Sampson,35.171516,-78.417994
Swine,3,Sampson,34.699461,-78.332383
Swine,1,Sampson,35.108827,-78.19053
Swine,1,Sampson,34.773455,-78.197858
Swine,2,Sampson,34.899522,-78.426663
Swine,2,Sampson,34.899522,-78.426663
Swine,2,Sampson,34.899522,-78.426663
Swine,1,Sampson,35.098501,-78.46593
Swine,2,Sampson,35.19468,-78.294952
Swine,1,Sampson,34.845802,-78.456066
Swine,2,Sampson,35.030983,-78.383881
Swine,1,Sampson,35.072042,-78.215381
Swine,1,Sampson,35.049105,-78.176486
Swine,1,Sampson,34.954036,-78.214186
Swine,2,Sampson,34.807358,-78.29968
Swine,1,Sampson,35.035644,-78.187936
Swine,1,Sampson,34.996772,-78.240803
Swine,2,Sampson,34.938263,-78.232072
Swine,2,Sampson,34.903997,-78.167027
Swine,2,Sampson,35.032752,-78.568731
Swine,1,Sampson,35.060011,-78.4399
Swine,1,Sampson,35.184377,-78.305969
Swine,1,Sampson,35.12743,-78.639247
Swine,3,Sampson,35.144088,-78.291833
Swine,1,Sampson,35.074616,-78.464166
Swine,3,Sampson,34.668088,-78.253336
Swine,3,Sampson,35.065981,-78.398531
Swine,3,Sampson,35.125736,-78.522872
Swine,4,Sampson,35.124116,-78.381274
Swine,1,Sampson,34.935422,-78.44343
Swine,1,Sampson,34.940236,-78.255402
Swine,1,Sampson,34.923838,-78.419369
Swine,1,Sampson,35.057081,-78.252831
Swine,2,Sampson,34.905312,-78.358463
Swine,1,Sampson,35.099044,-78.565775
Swine,1,Sampson,34.906008,-78.520419
Swine,2,Sampson,34.930308,-78.308908
Swine,1,Sampson,34.740897,-78.305802
Swine,1,Sampson,35.259019,-78.480675
Swine,2,Sampson,34.995886,-78.409569
Swine,2,Sampson,34.888975,-78.25048
Swine,1,Sampson,35.042547,-78.394433
Swine,1,Sampson,35.088408,-78.362133
Swine,1,Sampson,35.042908,-78.38795
Swine,1,Sampson,35.043152,-78.241636
Swine,1,Sampson,35.003816,-78.392352
Swine,1,Sampson,34.66978,-78.293844
Swine,1,Sampson,34.794447,-78.192308
Swine,1,Sampson,34.908402,-78.25845
Swine,2,Sampson,34.866177,-78.297888
Swine,7,Sampson,35.186138,-78.575659
Swine,3,Sampson,35.214111,-78.538766
Swine,3,Sampson,34.902611,-78.27618
Swine,2,Sampson,35.077511,-78.379683
Swine,3,Sampson,35.186605,-78.187138
Swine,1,Sampson,35.163163,-78.27368
Swine,1,Sampson,35.158305,-78.403363
Swine,2,Sampson,34.68733,-78.153383
Swine,1,Sampson,34.994166,-78.425341
Swine,1,Sampson,35.182533,-78.433144
Swine,1,Sampson,34.894358,-78.280222
Swine,3,Sampson,35.131055,-78.235197
Swine,2,Sampson,35.18835,-78.402519
Swine,2,Sampson,34.97605,-78.605238
Swine,1,Sampson,34.9833,-78.551988
Swine,4,Sampson,35.034244,-78.222731
Swine,1,Sampson,35.0967,-78.3689
Swine,1,Sampson,35.139592,-78.345328
Swine,1,Sampson,35.107281,-78.530688
Swine,1,Sampson,35.072641,-78.189081
Swine,1,Sampson,35.023202,-78.432261
Swine,1,Sampson,35.118047,-78.349058
Swine,1,Sampson,35.251044,-78.405541
Swine,1,Sampson,35.159941,-78.276647
Swine,1,Sampson,34.719583,-78.170602
Swine,2,Sampson,34.8409,-78.303152
Swine,1,Sampson,34.85803,-78.428672
Swine,1,Sampson,35.145244,-78.435705
Swine,1,Sampson,35.157741,-78.567675
Swine,3,Sampson,35.165855,-78.351816
Swine,1,Sampson,35.173024,-78.238747
Swine,1,Sampson,34.835319,-78.181572
Swine,1,Sampson,34.966788,-78.428844
Swine,6,Sampson,34.889689,-78.178956
Swine,1,Sampson,34.924416,-78.510452
Swine,1,Sampson,35.022644,-78.466861
Swine,2,Sampson,34.994466,-78.586933
Swine,1,Sampson,34.708861,-78.345352
Swine,1,Sampson,35.136005,-78.377436
Swine,1,Sampson,35.071327,-78.185844
Swine,1,Sampson,35.162075,-78.319247
Swine,2,Sampson,35.073613,-78.265144
Swine,1,Sampson,34.757738,-78.335122
Swine,2,Sampson,34.975769,-78.458725
Swine,1,Sampson,34.891619,-78.446694
Swine,2,Sampson,35.128236,-78.459561
Swine,2,Sampson,35.195336,-78.207519
Swine,1,Sampson,34.860577,-78.33527
Swine,1,Sampson,34.939261,-78.420022
Swine,,Sampson,34.970228,-78.574442
Swine,2,Sampson,34.9233,-78.5442
Swine,3,Sampson,34.964861,-78.388116
Swine,1,Sampson,34.978338,-78.533797
Swine,1,Sampson,35.100091,-78.405916
Swine,2,Sampson,34.870425,-78.433291
Swine,2,Sampson,34.669599,-78.188125
Swine,1,Sampson,35.222741,-78.616519
Swine,2,Sampson,34.815566,-78.386316
Swine,1,Sampson,35.193113,-78.253711
Swine,1,Sampson,34.652594,-78.20218
Swine,1,Sampson,34.689269,-78.280452
Swine,1,Sampson,34.90265,-78.29115
Swine,2,Sampson,34.857055,-78.220472
Swine,2,Sampson,34.857055,-78.220472
Swine,2,Sampson,34.857055,-78.220472
Swine,2,Sampson,35.055072,-78.566055
Swine,6,Sampson,34.733591,-78.363727
Swine,4,Sampson,35.139238,-78.372075
Swine,1,Sampson,35.069127,-78.531258
Swine,1,Sampson,34.839658,-78.372016
Swine,1,Sampson,35.193813,-78.410988
Swine,1,Sampson,34.696641,-78.309755
Swine,1,Sampson,34.989558,-78.541611
Swine,2,Sampson,35.146044,-78.387802
Swine,1,Sampson,34.886883,-78.326247
Swine,1,Sampson,35.000391,-78.450058
Swine,2,Sampson,34.960588,-78.489094
Swine,1,Sampson,35.011463,-78.182833
Swine,1,Sampson,34.775663,-78.261705
Swine,1,Sampson,34.91125,-78.352119
Swine,2,Sampson,34.966888,-78.589944
Swine,1,Sampson,35.041053,-78.429514
Swine,1,Sampson,35.154705,-78.258255
Swine,1,Sampson,34.901838,-78.463633
Swine,1,Sampson,35.067889,-78.616111
Swine,1,Sampson,34.650745,-78.307255
Swine,1,Sampson,35.083511,-78.598378
Swine,1,Sampson,34.911742,-78.372683
Swine,1,Sampson,34.937331,-78.314042
Swine,2,Sampson,34.671075,-78.265883
Swine,1,Sampson,34.822991,-78.19473
Swine,,Sampson,35.1556,-78.2658
Swine,,Sampson,35.059033,-78.206909
Swine,,Sampson,35.1311,-78.2353
Swine,,Sampson,34.909346,-78.301771
Swine,1,Scotland,34.662669,-79.46216
Swine,1,Scotland,34.798776,-79.41135
Swine,1,Scotland,34.806013,-79.379359
Swine,3,Scotland,34.895069,-79.430994
Swine,3,Scotland,34.895069,-79.430994
Swine,3,Scotland,34.895069,-79.430994
Swine,5,Scotland,34.784909,-79.390212
Swine,1,Scotland,34.692227,-79.466016
Swine,1,Scotland,34.697849,-79.486464
Swine,1,Scotland,34.799582,-79.639765
Swine,1,Scotland,34.770465,-79.389701
Swine,2,Scotland,34.807225,-79.510195
Swine,1,Scotland,34.656645,-79.444492
Swine,1,Scotland,34.936726,-79.471581
Swine,1,Scotland,34.928926,-79.473174
Swine,1,Scotland,34.932178,-79.490894
Swine,1,Scotland,34.769574,-79.562001
Swine,1,Scotland,34.763285,-79.349904
Swine,1,Stanly,35.3083,-80.375
Swine,1,Stanly,35.3083,-80.375
Swine,1,Stokes,36.472976,-80.209589
Swine,1,Surry,36.3742,-80.7819
Swine,1,Surry,36.4022,-80.7706
Swine,1,Surry,36.2931,-80.5864
Swine,4,Tyrrell,35.827,-76.3217
Swine,4,Union,34.8333,-80.4917
Swine,1,Union,34.8564,-80.4197
Swine,2,Wake,35.73,-78.6764
Swine,2,Warren,36.4917,-78.1583
Swine,1,Warren,36.5411,-78.2817
Swine,1,Warren,36.5361,-78.2086
Swine,2,Warren,36.4811,-78.0839
Swine,2,Warren,36.357961,-77.991965
Swine,1,Warren,36.5208,-78.2494
Swine,1,Warren,36.5208,-78.2494
Swine,3,Washington,35.8889,-76.5358
Swine,3,Washington,35.8161,-76.5947
Swine,4,Washington,35.8367,-76.4611
Swine,1,Washington,35.8544,-76.6583
Swine,4,Wayne,35.3197,-78.
Swine,2,Wayne,35.2131,-77.8506
Swine,1,Wayne,35.3347,-78.1581
Swine,6,Wayne,35.2917,-78.0794
Swine,2,Wayne,35.325479,-78.134296
Swine,2,Wayne,35.2714,-78.1717
Swine,1,Wayne,35.321543,-77.965996
Swine,1,Wayne,35.2883,-77.8389
Swine,1,Wayne,35.2139,-77.9042
Swine,1,Wayne,35.3294,-78.1436
Swine,1,Wayne,35.4139,-78.1278
Swine,1,Wayne,35.2767,-78.2533
Swine,1,Wayne,35.5067,-77.8633
Swine,1,Wayne,35.239506,-77.828245
Swine,1,Wayne,35.2994,-78.1381
Swine,1,Wayne,35.3078,-78.2089
Swine,1,Wayne,35.2569,-78.0006
Swine,1,Wayne,35.2514,-77.9228
Swine,1,Wayne,35.3825,-77.8278
Swine,3,Wayne,35.3208,-78.2569
Swine,1,Wayne,35.1706,-77.8553
Swine,1,Wayne,35.3283,-78.2117
Swine,3,Wayne,35.2478,-78.0786
Swine,3,Wayne,35.3064,-78.0678
Swine,2,Wayne,35.2756,-77.9583
Swine,3,Wayne,35.257634,-77.934717
Swine,3,Wayne,35.257634,-77.934717
Swine,2,Wayne,35.4653,-77.8778
Swine,1,Wayne,35.2694,-78.1858
Swine,1,Wayne,35.219,-78.139171
Swine,1,Wayne,35.2661,-78.1389
Swine,1,Wayne,35.2778,-78.29
Swine,1,Wayne,35.218803,-78.136843
Swine,2,Wayne,35.5311,-77.9078
Swine,1,Wayne,35.2261,-78.1597
Swine,1,Wayne,35.2786,-78.1169
Swine,1,Wayne,35.4736,-77.9433
Swine,2,Wayne,35.5414,-77.9319
Swine,1,Wayne,35.185,-77.8347
Swine,1,Wayne,35.4961,-77.8883
Swine,1,Wayne,35.4922,-77.8894
Swine,2,Wayne,35.5022,-77.8744
Swine,1,Wayne,35.2958,-77.9025
Swine,1,Wayne,35.4731,-78.0928
Swine,1,Wayne,35.3133,-78.2244
Swine,1,Wayne,35.3842,-77.8719
Wet Poultry,1,Wayne,35.3883,-77.8714
Swine,1,Wayne,35.4278,-77.8492
Swine,1,Wayne,35.2394,-78.0364
Swine,1,Wayne,35.2797,-77.8292
Swine,1,Wayne,35.3333,-78.1692
Swine,1,Wayne,35.3583,-77.8367
Swine,1,Wayne,35.42,-77.8233
Swine,1,Wayne,35.4481,-78.0783
Swine,1,Wayne,35.2792,-78.2006
Swine,1,Wayne,35.271,-78.295295
Swine,2,Wayne,35.3283,-78.1931
Swine,1,Wayne,35.4578,-78.0675
Swine,2,Wayne,35.2875,-78.0917
Swine,2,Wayne,35.232804,-78.216984
Swine,2,Wayne,35.207866,-78.145602
Swine,2,Wayne,35.2733,-78.1369
Swine,1,Wayne,35.2653,-78.2342
Swine,1,Wayne,35.28253,-78.28981
Swine,2,Wayne,35.3161,-78.2014
Swine,1,Wayne,35.4219,-78.0325
Swine,1,Wayne,35.2833,-78.2297
Swine,1,Wayne,35.4461,-78.0914
Swine,2,Wayne,35.310489,-78.090692
Swine,2,Wayne,35.310489,-78.090692
Swine,2,Wayne,35.2,-77.9856
Swine,2,Wayne,35.2,-77.9856
Swine,3,Wayne,35.5025,-77.9231
Swine,2,Wayne,35.1967,-77.9472
Swine,2,Wayne,35.1967,-77.9472
Swine,3,Wayne,35.2417,-77.9844
Swine,3,Wayne,35.2417,-77.9844
Swine,1,Wayne,35.1867,-77.9625
Swine,1,Wayne,35.4222,-78.1222
Swine,2,Wayne,35.235195,-77.911641
Swine,2,Wayne,35.235195,-77.911641
Swine,1,Wayne,35.30169,-77.843633
Swine,1,Wayne,35.1786,-77.9686
Swine,1,Wayne,35.2342,-78.0078
Swine,1,Wayne,35.2783,-78.0258
Swine,2,Wayne,35.1783,-77.9481
Swine,1,Wayne,35.4483,-78.0819
Swine,1,Wayne,35.2536,-77.8467
Swine,1,Wayne,35.2672,-78.1567
Swine,2,Wayne,35.4514,-78.1183
Swine,1,Wayne,35.3192,-78.1017
Swine,1,Wayne,35.2828,-78.2519
Swine,2,Wayne,35.2403,-78.0486
Swine,1,Wayne,35.3444,-78.1406
Swine,2,Wayne,35.2103,-77.9872
Swine,1,Wayne,35.2639,-78.1375
Swine,2,Wayne,35.2492,-78.1297
Swine,2,Wayne,35.230148,-78.098348
Swine,2,Wayne,35.230148,-78.098348
Swine,1,Wayne,35.2089,-77.9561
Swine,2,Wayne,35.2008,-77.9069
Swine,3,Wayne,35.5736,-77.9283
Swine,3,Wayne,35.5736,-77.9283
Swine,1,Wayne,35.346713,-78.104175
Swine,1,Wayne,35.200973,-77.828312
Swine,1,Wayne,35.4655,-77.8287
Swine,2,Wayne,35.245,-78.141211
Swine,3,Wayne,35.2997,-78.1031
Swine,1,Wayne,35.2403,-78.1819
Swine,1,Wayne,35.3489,-78.1169
Swine,2,Wayne,35.2433,-78.0889
Swine,2,Wayne,35.246672,-77.850703
Swine,2,Wayne,35.274249,-77.929068
Swine,1,Wayne,35.2369,-78.1483
Swine,1,Wayne,35.3189,-78.2042
Swine,2,Wayne,35.3556,-77.8778
Swine,1,Wayne,35.2414,-77.9247
Swine,1,Wayne,35.2189,-77.8939
Swine,1,Wayne,35.3281,-78.1192
Swine,3,Wayne,35.2783,-77.9186
Swine,1,Wayne,35.2342,-77.9469
Swine,1,Wayne,35.3272,-77.9011
Swine,1,Wayne,35.3053,-78.1433
Swine,1,Wayne,35.4358,-77.8411
Swine,1,Wayne,35.2286,-78.1372
Swine,1,Wayne,35.337633,-77.956136
Swine,1,Wayne,35.2439,-77.945
Swine,2,Wayne,35.3028,-78.2719
Swine,1,Wayne,35.184988,-78.154445
Swine,1,Wayne,35.2353,-78.0433
Swine,1,Wayne,35.5708,-78.005
Swine,1,Wayne,35.23,-78.1722
Swine,1,Wayne,35.3078,-78.2783
Swine,2,Wayne,35.2383,-78.1639
Swine,2,Wayne,35.504251,-77.821267
Swine,1,Wayne,35.3922,-77.8128
Swine,1,Wayne,35.3289,-77.8456
Swine,1,Wayne,35.3447,-78.1328
Swine,2,Wayne,35.587698,-77.887391
Swine,2,Wayne,35.587698,-77.887391
Swine,1,Wayne,35.37,-77.8333
Swine,1,Wayne,35.2703,-78.1078
Swine,1,Wayne,35.2694,-78.2764
Swine,2,Wayne,35.4433,-78.1269
Swine,1,Wayne,35.5642,-77.8803
Swine,1,Wayne,35.4233,-77.8744
Swine,2,Wayne,35.3497,-77.83
Swine,1,Wayne,35.5492,-78.0686
Swine,1,Wayne,35.5061,-77.9058
Swine,,Wayne,35.498228,-77.914545
Swine,2,Wilson,35.7792,-77.7417
Swine,1,Wilson,35.620352,-77.882303
Swine,5,Wilson,35.7086,-78.115
Swine,2,Wilson,35.726608,-78.07561
Swine,1,Wilson,35.7247,-78.0697
Swine,1,Wilson,35.705163,-77.811288
Swine,1,Yadkin,36.1667,-80.7083
Swine,2,Bladen,34.571938,-78.823838
Swine,1,Bladen,34.541061,-78.543486
Swine,2,Duplin,34.892612,-77.934358
Swine,1,Duplin,34.877517,-78.075528
Swine,1,Duplin,34.8447,-77.7072
Swine,1,Greene,35.5917,-77.7722
Swine,1,Greene,35.5917,-77.7722
Swine,1,Greene,35.5917,-77.7722
Swine,1,Johnston,35.2959,-78.3507
Swine,1,Jones,34.9894,-77.5353
Swine,2,Jones,35.070736,-77.420154
Swine,2,Jones,35.0781,-77.5658
Swine,1,Jones,35.0717,-77.3947
Swine,1,Sampson,35.052866,-78.241352
Cattle,1,Catawba,35.5833,-81.39
Cattle,1,Henderson,35.3972,-82.5528
Cattle,1,Henderson,35.3972,-82.5528
Cattle,2,Iredell,35.8986,-80.8639
Cattle,2,Iredell,35.8986,-80.8639
Cattle,2,Iredell,35.8986,-80.8639
Dry Poultry,2,Union,35.127575,-80.419556
,,,,
,,,,
,,,,